Enter password: 
-- MySQL dump 10.13  Distrib 5.7.33, for Linux (x86_64)
--
-- Host: localhost    Database: jsh_erp
-- ------------------------------------------------------
-- Server version	5.7.33

/*!40101 SET @OLD_CHARACTER_SET_CLIENT=@@CHARACTER_SET_CLIENT */;
/*!40101 SET @OLD_CHARACTER_SET_RESULTS=@@CHARACTER_SET_RESULTS */;
/*!40101 SET @OLD_COLLATION_CONNECTION=@@COLLATION_CONNECTION */;
/*!40101 SET NAMES utf8 */;
/*!40103 SET @OLD_TIME_ZONE=@@TIME_ZONE */;
/*!40103 SET TIME_ZONE='+00:00' */;
/*!40014 SET @OLD_UNIQUE_CHECKS=@@UNIQUE_CHECKS, UNIQUE_CHECKS=0 */;
/*!40014 SET @OLD_FOREIGN_KEY_CHECKS=@@FOREIGN_KEY_CHECKS, FOREIGN_KEY_CHECKS=0 */;
/*!40101 SET @OLD_SQL_MODE=@@SQL_MODE, SQL_MODE='NO_AUTO_VALUE_ON_ZERO' */;
/*!40111 SET @OLD_SQL_NOTES=@@SQL_NOTES, SQL_NOTES=0 */;

--
-- Table structure for table `USER`
--

DROP TABLE IF EXISTS `USER`;
/*!40101 SET @saved_cs_client     = @@character_set_client */;
/*!40101 SET character_set_client = utf8 */;
CREATE TABLE `USER` (
  `name` varchar(100) DEFAULT NULL,
  `sex` varchar(100) DEFAULT NULL
) ENGINE=InnoDB DEFAULT CHARSET=utf8mb4;
/*!40101 SET character_set_client = @saved_cs_client */;

--
-- Dumping data for table `USER`
--

LOCK TABLES `USER` WRITE;
/*!40000 ALTER TABLE `USER` DISABLE KEYS */;
INSERT INTO `USER` VALUES ('张三','1'),('张三','1'),('王武','1'),('陈思','1'),('王武','1'),('哈哈哈哈',''),('哈哈哈哈',''),('123',''),('324',''),('534523123',NULL);
/*!40000 ALTER TABLE `USER` ENABLE KEYS */;
UNLOCK TABLES;

--
-- Table structure for table `jsh_account`
--

DROP TABLE IF EXISTS `jsh_account`;
/*!40101 SET @saved_cs_client     = @@character_set_client */;
/*!40101 SET character_set_client = utf8 */;
CREATE TABLE `jsh_account` (
  `id` bigint(20) NOT NULL AUTO_INCREMENT COMMENT '主键',
  `name` varchar(50) DEFAULT NULL COMMENT '名称',
  `serial_no` varchar(50) DEFAULT NULL COMMENT '编号',
  `initial_amount` decimal(24,6) DEFAULT NULL COMMENT '期初金额',
  `current_amount` decimal(24,6) DEFAULT NULL COMMENT '当前余额',
  `remark` varchar(100) DEFAULT NULL COMMENT '备注',
  `enabled` bit(1) DEFAULT NULL COMMENT '启用',
  `sort` varchar(10) DEFAULT NULL COMMENT '排序',
  `is_default` bit(1) DEFAULT NULL COMMENT '是否默认',
  `tenant_id` bigint(20) DEFAULT NULL COMMENT '租户id',
  `delete_flag` varchar(1) DEFAULT '0' COMMENT '删除标记，0未删除，1删除',
  PRIMARY KEY (`id`)
) ENGINE=InnoDB AUTO_INCREMENT=19 DEFAULT CHARSET=utf8 COMMENT='账户信息';
/*!40101 SET character_set_client = @saved_cs_client */;

--
-- Dumping data for table `jsh_account`
--

LOCK TABLES `jsh_account` WRITE;
/*!40000 ALTER TABLE `jsh_account` DISABLE KEYS */;
INSERT INTO `jsh_account` VALUES (17,'账户1','zzz111',100.000000,829.000000,'aabb',_binary '',NULL,_binary '',63,'0'),(18,'账户2','1234131324',200.000000,-1681.000000,'bbbb',_binary '',NULL,_binary '\0',63,'0');
/*!40000 ALTER TABLE `jsh_account` ENABLE KEYS */;
UNLOCK TABLES;

--
-- Table structure for table `jsh_account_head`
--

DROP TABLE IF EXISTS `jsh_account_head`;
/*!40101 SET @saved_cs_client     = @@character_set_client */;
/*!40101 SET character_set_client = utf8 */;
CREATE TABLE `jsh_account_head` (
  `id` bigint(20) NOT NULL AUTO_INCREMENT COMMENT '主键',
  `type` varchar(50) DEFAULT NULL COMMENT '类型(支出/收入/收款/付款/转账)',
  `organ_id` bigint(20) DEFAULT NULL COMMENT '单位Id(收款/付款单位)',
  `hands_person_id` bigint(20) DEFAULT NULL COMMENT '经手人id',
  `creator` bigint(20) DEFAULT NULL COMMENT '操作员',
  `change_amount` decimal(24,6) DEFAULT NULL COMMENT '变动金额(优惠/收款/付款/实付)',
  `discount_money` decimal(24,6) DEFAULT NULL COMMENT '优惠金额',
  `total_price` decimal(24,6) DEFAULT NULL COMMENT '合计金额',
  `account_id` bigint(20) DEFAULT NULL COMMENT '账户(收款/付款)',
  `bill_no` varchar(50) DEFAULT NULL COMMENT '单据编号',
  `bill_time` datetime DEFAULT NULL COMMENT '单据日期',
  `remark` varchar(100) DEFAULT NULL COMMENT '备注',
  `file_name` varchar(500) DEFAULT NULL COMMENT '附件名称',
  `status` varchar(1) DEFAULT NULL COMMENT '状态，0未审核、1已审核',
  `tenant_id` bigint(20) DEFAULT NULL COMMENT '租户id',
  `delete_flag` varchar(1) DEFAULT '0' COMMENT '删除标记，0未删除，1删除',
  PRIMARY KEY (`id`),
  KEY `FK9F4C0D8DB610FC06` (`organ_id`),
  KEY `FK9F4C0D8DAAE50527` (`account_id`),
  KEY `FK9F4C0D8DC4170B37` (`hands_person_id`)
) ENGINE=InnoDB AUTO_INCREMENT=127 DEFAULT CHARSET=utf8 COMMENT='财务主表';
/*!40101 SET character_set_client = @saved_cs_client */;

--
-- Dumping data for table `jsh_account_head`
--

LOCK TABLES `jsh_account_head` WRITE;
/*!40000 ALTER TABLE `jsh_account_head` DISABLE KEYS */;
INSERT INTO `jsh_account_head` VALUES (118,'收入',58,16,63,55.000000,NULL,55.000000,17,'SR00000000643','2021-06-02 00:24:49',NULL,NULL,'1',63,'0'),(119,'支出',68,16,63,-66.000000,NULL,-66.000000,17,'ZC00000000644','2021-06-02 00:25:01',NULL,NULL,'0',63,'0'),(122,'转账',NULL,17,63,-11.000000,NULL,-11.000000,17,'ZZ00000000647','2021-06-02 00:25:32',NULL,NULL,'0',63,'0'),(124,'收预付款',60,17,63,80.000000,0.000000,80.000000,NULL,'SYF00000000649','2021-07-06 23:43:48',NULL,NULL,'0',63,'0'),(125,'收款',58,17,63,10.000000,0.000000,10.000000,17,'SK00000000653','2021-07-06 23:46:38',NULL,NULL,'0',63,'0'),(126,'付款',57,17,63,-50.000000,0.000000,-50.000000,17,'FK00000000654','2021-07-06 23:47:23',NULL,NULL,'0',63,'0');
/*!40000 ALTER TABLE `jsh_account_head` ENABLE KEYS */;
UNLOCK TABLES;

--
-- Table structure for table `jsh_account_item`
--

DROP TABLE IF EXISTS `jsh_account_item`;
/*!40101 SET @saved_cs_client     = @@character_set_client */;
/*!40101 SET character_set_client = utf8 */;
CREATE TABLE `jsh_account_item` (
  `id` bigint(20) NOT NULL AUTO_INCREMENT COMMENT '主键',
  `header_id` bigint(20) NOT NULL COMMENT '表头Id',
  `account_id` bigint(20) DEFAULT NULL COMMENT '账户Id',
  `in_out_item_id` bigint(20) DEFAULT NULL COMMENT '收支项目Id',
  `bill_id` bigint(20) DEFAULT NULL COMMENT '单据id',
  `need_debt` decimal(24,6) DEFAULT NULL COMMENT '应收欠款',
  `finish_debt` decimal(24,6) DEFAULT NULL COMMENT '已收欠款',
  `each_amount` decimal(24,6) DEFAULT NULL COMMENT '单项金额',
  `remark` varchar(100) DEFAULT NULL COMMENT '单据备注',
  `tenant_id` bigint(20) DEFAULT NULL COMMENT '租户id',
  `delete_flag` varchar(1) DEFAULT '0' COMMENT '删除标记，0未删除，1删除',
  PRIMARY KEY (`id`),
  KEY `FK9F4CBAC0AAE50527` (`account_id`),
  KEY `FK9F4CBAC0C5FE6007` (`header_id`),
  KEY `FK9F4CBAC0D203EDC5` (`in_out_item_id`)
) ENGINE=InnoDB AUTO_INCREMENT=152 DEFAULT CHARSET=utf8 COMMENT='财务子表';
/*!40101 SET character_set_client = @saved_cs_client */;

--
-- Dumping data for table `jsh_account_item`
--

LOCK TABLES `jsh_account_item` WRITE;
/*!40000 ALTER TABLE `jsh_account_item` DISABLE KEYS */;
INSERT INTO `jsh_account_item` VALUES (143,118,NULL,23,NULL,NULL,NULL,55.000000,'',63,'0'),(144,119,NULL,21,NULL,NULL,NULL,66.000000,'',63,'0'),(147,122,17,NULL,NULL,NULL,NULL,11.000000,'',63,'0'),(149,124,17,NULL,NULL,NULL,NULL,80.000000,'',63,'0'),(150,125,NULL,NULL,272,20.000000,0.000000,10.000000,'',63,'0'),(151,126,NULL,NULL,271,60.000000,0.000000,-50.000000,'',63,'0');
/*!40000 ALTER TABLE `jsh_account_item` ENABLE KEYS */;
UNLOCK TABLES;

--
-- Table structure for table `jsh_depot`
--

DROP TABLE IF EXISTS `jsh_depot`;
/*!40101 SET @saved_cs_client     = @@character_set_client */;
/*!40101 SET character_set_client = utf8 */;
CREATE TABLE `jsh_depot` (
  `id` bigint(20) NOT NULL AUTO_INCREMENT COMMENT '主键',
  `name` varchar(20) DEFAULT NULL COMMENT '仓库名称',
  `address` varchar(50) DEFAULT NULL COMMENT '仓库地址',
  `warehousing` decimal(24,6) DEFAULT NULL COMMENT '仓储费',
  `truckage` decimal(24,6) DEFAULT NULL COMMENT '搬运费',
  `type` int(10) DEFAULT NULL COMMENT '类型',
  `sort` varchar(10) DEFAULT NULL COMMENT '排序',
  `remark` varchar(100) DEFAULT NULL COMMENT '描述',
  `principal` bigint(20) DEFAULT NULL COMMENT '负责人',
  `enabled` bit(1) DEFAULT NULL COMMENT '启用',
  `tenant_id` bigint(20) DEFAULT NULL COMMENT '租户id',
  `delete_Flag` varchar(1) DEFAULT '0' COMMENT '删除标记，0未删除，1删除',
  `is_default` bit(1) DEFAULT NULL COMMENT '是否默认',
  PRIMARY KEY (`id`)
) ENGINE=InnoDB AUTO_INCREMENT=18 DEFAULT CHARSET=utf8 COMMENT='仓库表';
/*!40101 SET character_set_client = @saved_cs_client */;

--
-- Dumping data for table `jsh_depot`
--

LOCK TABLES `jsh_depot` WRITE;
/*!40000 ALTER TABLE `jsh_depot` DISABLE KEYS */;
INSERT INTO `jsh_depot` VALUES (14,'仓库1','dizhi',12.000000,12.000000,0,'1','描述',131,_binary '',63,'0',_binary ''),(15,'仓库2','地址100',555.000000,666.000000,0,'2','dfdf',131,_binary '',63,'0',_binary '\0'),(17,'仓库3','123123',123.000000,123.000000,0,'3','123',131,_binary '',63,'0',_binary '\0');
/*!40000 ALTER TABLE `jsh_depot` ENABLE KEYS */;
UNLOCK TABLES;

--
-- Table structure for table `jsh_depot_head`
--

DROP TABLE IF EXISTS `jsh_depot_head`;
/*!40101 SET @saved_cs_client     = @@character_set_client */;
/*!40101 SET character_set_client = utf8 */;
CREATE TABLE `jsh_depot_head` (
  `id` bigint(20) NOT NULL AUTO_INCREMENT COMMENT '主键',
  `type` varchar(50) DEFAULT NULL COMMENT '类型(出库/入库)',
  `sub_type` varchar(50) DEFAULT NULL COMMENT '出入库分类',
  `default_number` varchar(50) DEFAULT NULL COMMENT '初始票据号',
  `number` varchar(50) DEFAULT NULL COMMENT '票据号',
  `create_time` datetime DEFAULT CURRENT_TIMESTAMP COMMENT '创建时间',
  `oper_time` datetime DEFAULT CURRENT_TIMESTAMP ON UPDATE CURRENT_TIMESTAMP COMMENT '出入库时间',
  `organ_id` bigint(20) DEFAULT NULL COMMENT '供应商id',
  `creator` bigint(20) DEFAULT NULL COMMENT '操作员',
  `account_id` bigint(20) DEFAULT NULL COMMENT '账户id',
  `change_amount` decimal(24,6) DEFAULT NULL COMMENT '变动金额(收款/付款)',
  `back_amount` decimal(24,6) DEFAULT NULL COMMENT '找零金额',
  `total_price` decimal(24,6) DEFAULT NULL COMMENT '合计金额',
  `pay_type` varchar(50) DEFAULT NULL COMMENT '付款类型(现金、记账等)',
  `bill_type` varchar(50) DEFAULT NULL COMMENT '单据类型',
  `remark` varchar(1000) DEFAULT NULL COMMENT '备注',
  `file_name` varchar(500) DEFAULT NULL COMMENT '附件名称',
  `sales_man` varchar(50) DEFAULT NULL COMMENT '业务员（可以多个）',
  `account_id_list` varchar(50) DEFAULT NULL COMMENT '多账户ID列表',
  `account_money_list` varchar(200) DEFAULT NULL COMMENT '多账户金额列表',
  `discount` decimal(24,6) DEFAULT NULL COMMENT '优惠率',
  `discount_money` decimal(24,6) DEFAULT NULL COMMENT '优惠金额',
  `discount_last_money` decimal(24,6) DEFAULT NULL COMMENT '优惠后金额',
  `other_money` decimal(24,6) DEFAULT NULL COMMENT '销售或采购费用合计',
  `deposit` decimal(24,6) DEFAULT NULL COMMENT '订金',
  `status` varchar(1) DEFAULT NULL COMMENT '状态，0未审核、1已审核、2完成采购|销售、3部分采购|销售',
  `purchase_status` varchar(1) DEFAULT NULL COMMENT '采购状态，0未采购、2完成采购、3部分采购',
  `link_number` varchar(50) DEFAULT NULL COMMENT '关联订单号',
  `tenant_id` bigint(20) DEFAULT NULL COMMENT '租户id',
  `delete_flag` varchar(1) DEFAULT '0' COMMENT '删除标记，0未删除，1删除',
  PRIMARY KEY (`id`),
  KEY `FK2A80F214B610FC06` (`organ_id`),
  KEY `FK2A80F214AAE50527` (`account_id`)
) ENGINE=InnoDB AUTO_INCREMENT=1572855381666672642 DEFAULT CHARSET=utf8 COMMENT='单据主表';
/*!40101 SET character_set_client = @saved_cs_client */;

--
-- Dumping data for table `jsh_depot_head`
--

LOCK TABLES `jsh_depot_head` WRITE;
/*!40000 ALTER TABLE `jsh_depot_head` DISABLE KEYS */;
INSERT INTO `jsh_depot_head` VALUES (274,'出库','零售','LSCK00000000669','LSCK00000000669','2022-09-06 15:04:48','2022-09-06 15:02:49',60,63,17,600.000000,0.000000,600.000000,'预付款',NULL,NULL,'',NULL,NULL,NULL,NULL,NULL,NULL,NULL,NULL,'0','0',NULL,63,'0'),(275,'出库','销售','XSCK00000000671','XSCK00000000671','2022-09-06 15:20:23','2022-09-06 15:17:40',92,63,17,5000.000000,NULL,5000.000000,'现付',NULL,NULL,'','','','',0.000000,0.000000,5000.000000,0.000000,NULL,'1','0',NULL,63,'0'),(1572855377258459137,'其它','销售订单','4103857526','4103857526','2022-09-22 15:48:39','2022-09-22 15:48:39',93,NULL,NULL,NULL,NULL,NULL,'记账',NULL,'大东发来的订单',NULL,NULL,NULL,NULL,NULL,NULL,NULL,NULL,NULL,'1',NULL,NULL,63,'0'),(1572855377778552833,'其它','销售订单','4103856776','4103856776','2022-09-22 15:48:39','2022-09-22 15:48:39',1572855377744998401,NULL,NULL,NULL,NULL,NULL,'记账',NULL,'大东发来的订单',NULL,NULL,NULL,NULL,NULL,NULL,NULL,NULL,NULL,'1',NULL,NULL,63,'0'),(1572855378181206017,'其它','销售订单','4103857376','4103857376','2022-09-22 15:48:39','2022-09-22 15:48:39',93,NULL,NULL,NULL,NULL,NULL,'记账',NULL,'大东发来的订单',NULL,NULL,NULL,NULL,NULL,NULL,NULL,NULL,NULL,'1',NULL,NULL,63,'0'),(1572855378520944641,'其它','销售订单','4103857398','4103857398','2022-09-22 15:48:39','2022-09-22 15:48:39',93,NULL,NULL,NULL,NULL,NULL,'记账',NULL,'大东发来的订单',NULL,NULL,NULL,NULL,NULL,NULL,NULL,NULL,NULL,'1',NULL,NULL,63,'0'),(1572855379645018113,'其它','销售订单','4103857198','4103857198','2022-09-22 15:48:39','2022-09-22 15:48:39',93,NULL,NULL,NULL,NULL,NULL,'记账',NULL,'大东发来的订单',NULL,NULL,NULL,NULL,NULL,NULL,NULL,NULL,NULL,'1',NULL,NULL,63,'0'),(1572855380538404866,'其它','销售订单','4103857683','4103857683','2022-09-22 15:48:40','2022-09-22 15:48:40',93,NULL,NULL,NULL,NULL,NULL,'记账',NULL,'大东发来的订单',NULL,NULL,NULL,NULL,NULL,NULL,NULL,NULL,NULL,'1',NULL,NULL,63,'0'),(1572855381666672641,'其它','销售订单','4103857061','4103857061','2022-09-22 15:48:40','2022-09-22 15:48:40',93,NULL,NULL,NULL,NULL,NULL,'记账',NULL,'大东发来的订单',NULL,NULL,NULL,NULL,NULL,NULL,NULL,NULL,NULL,'1',NULL,NULL,63,'0');
/*!40000 ALTER TABLE `jsh_depot_head` ENABLE KEYS */;
UNLOCK TABLES;

--
-- Table structure for table `jsh_depot_item`
--

DROP TABLE IF EXISTS `jsh_depot_item`;
/*!40101 SET @saved_cs_client     = @@character_set_client */;
/*!40101 SET character_set_client = utf8 */;
CREATE TABLE `jsh_depot_item` (
  `id` bigint(20) NOT NULL AUTO_INCREMENT COMMENT '主键',
  `header_id` bigint(20) NOT NULL COMMENT '表头Id',
  `material_id` bigint(20) NOT NULL COMMENT '商品Id',
  `material_extend_id` bigint(20) DEFAULT NULL COMMENT '商品扩展id',
  `material_unit` varchar(20) DEFAULT NULL COMMENT '商品计量单位',
  `sku` varchar(50) DEFAULT NULL COMMENT '多属性',
  `oper_number` decimal(24,6) DEFAULT NULL COMMENT '数量',
  `basic_number` decimal(24,6) DEFAULT NULL COMMENT '基础数量，如kg、瓶',
  `unit_price` decimal(24,6) DEFAULT NULL COMMENT '单价',
  `tax_unit_price` decimal(24,6) DEFAULT NULL COMMENT '含税单价',
  `all_price` decimal(24,6) DEFAULT NULL COMMENT '金额',
  `remark` varchar(200) DEFAULT NULL COMMENT '备注',
  `depot_id` bigint(20) DEFAULT NULL COMMENT '仓库ID',
  `another_depot_id` bigint(20) DEFAULT NULL COMMENT '调拨时，对方仓库Id',
  `tax_rate` decimal(24,6) DEFAULT NULL COMMENT '税率',
  `tax_money` decimal(24,6) DEFAULT NULL COMMENT '税额',
  `tax_last_money` decimal(24,6) DEFAULT NULL COMMENT '价税合计',
  `material_type` varchar(20) DEFAULT NULL COMMENT '商品类型',
  `sn_list` varchar(2000) DEFAULT NULL COMMENT '序列号列表',
  `batch_number` varchar(100) DEFAULT NULL COMMENT '批号',
  `expiration_date` datetime DEFAULT NULL COMMENT '有效日期',
  `link_id` bigint(20) DEFAULT NULL COMMENT '关联明细id',
  `tenant_id` bigint(20) DEFAULT NULL COMMENT '租户id',
  `delete_flag` varchar(1) DEFAULT '0' COMMENT '删除标记，0未删除，1删除',
  PRIMARY KEY (`id`),
  KEY `FK2A819F475D61CCF7` (`material_id`),
  KEY `FK2A819F474BB6190E` (`header_id`),
  KEY `FK2A819F479485B3F5` (`depot_id`),
  KEY `FK2A819F47729F5392` (`another_depot_id`)
) ENGINE=InnoDB AUTO_INCREMENT=1572855382207737865 DEFAULT CHARSET=utf8 COMMENT='单据子表';
/*!40101 SET character_set_client = @saved_cs_client */;

--
-- Dumping data for table `jsh_depot_item`
--

LOCK TABLES `jsh_depot_item` WRITE;
/*!40000 ALTER TABLE `jsh_depot_item` DISABLE KEYS */;
INSERT INTO `jsh_depot_item` VALUES (1572855382048354305,1572855377258459137,1572144767134609410,1572144767273021442,'双',NULL,335.000000,335.000000,NULL,NULL,NULL,NULL,NULL,NULL,NULL,NULL,NULL,NULL,NULL,NULL,NULL,NULL,63,'0'),(1572855382086103041,1572855377258459137,1572144767134609410,1572144767436599298,'双',NULL,265.000000,265.000000,NULL,NULL,NULL,NULL,NULL,NULL,NULL,NULL,NULL,NULL,NULL,NULL,NULL,NULL,63,'0'),(1572855382090297345,1572855377258459137,1572144767134609410,1572144767629537281,'双',NULL,200.000000,200.000000,NULL,NULL,NULL,NULL,NULL,NULL,NULL,NULL,NULL,NULL,NULL,NULL,NULL,NULL,63,'0'),(1572855382090297346,1572855377258459137,1572144767134609410,1572144767784726530,'双',NULL,200.000000,200.000000,NULL,NULL,NULL,NULL,NULL,NULL,NULL,NULL,NULL,NULL,NULL,NULL,NULL,NULL,63,'0'),(1572855382090297347,1572855377258459137,1572144767134609410,1572144767956692994,'双',NULL,200.000000,200.000000,NULL,NULL,NULL,NULL,NULL,NULL,NULL,NULL,NULL,NULL,NULL,NULL,NULL,NULL,63,'0'),(1572855382090297348,1572855377778552833,1572144768044773377,1572144768116076545,'双',NULL,120.000000,120.000000,NULL,NULL,NULL,NULL,NULL,NULL,NULL,NULL,NULL,NULL,NULL,NULL,NULL,NULL,63,'0'),(1572855382090297349,1572855377778552833,1572144768044773377,1572144768237711361,'双',NULL,150.000000,150.000000,NULL,NULL,NULL,NULL,NULL,NULL,NULL,NULL,NULL,NULL,NULL,NULL,NULL,NULL,63,'0'),(1572855382090297350,1572855377778552833,1572144768044773377,1572144768397094914,'双',NULL,170.000000,170.000000,NULL,NULL,NULL,NULL,NULL,NULL,NULL,NULL,NULL,NULL,NULL,NULL,NULL,NULL,63,'0'),(1572855382094491650,1572855377778552833,1572144768044773377,1572144768522924033,'双',NULL,80.000000,80.000000,NULL,NULL,NULL,NULL,NULL,NULL,NULL,NULL,NULL,NULL,NULL,NULL,NULL,NULL,63,'0'),(1572855382094491651,1572855377778552833,1572144768044773377,1572144768636170242,'双',NULL,80.000000,80.000000,NULL,NULL,NULL,NULL,NULL,NULL,NULL,NULL,NULL,NULL,NULL,NULL,NULL,NULL,63,'0'),(1572855382098685954,1572855378181206017,1572144768720056322,1572144768808136705,'双',NULL,50.000000,50.000000,NULL,NULL,NULL,NULL,NULL,NULL,NULL,NULL,NULL,NULL,NULL,NULL,NULL,NULL,63,'0'),(1572855382098685955,1572855378181206017,1572144768720056322,1572144768912994306,'双',NULL,50.000000,50.000000,NULL,NULL,NULL,NULL,NULL,NULL,NULL,NULL,NULL,NULL,NULL,NULL,NULL,NULL,63,'0'),(1572855382098685956,1572855378181206017,1572144768720056322,1572144769013657602,'双',NULL,50.000000,50.000000,NULL,NULL,NULL,NULL,NULL,NULL,NULL,NULL,NULL,NULL,NULL,NULL,NULL,NULL,63,'0'),(1572855382098685957,1572855378181206017,1572144768720056322,1572144769101737985,'双',NULL,100.000000,100.000000,NULL,NULL,NULL,NULL,NULL,NULL,NULL,NULL,NULL,NULL,NULL,NULL,NULL,NULL,63,'0'),(1572855382102880258,1572855378181206017,1572144768720056322,1572144769210789890,'双',NULL,50.000000,50.000000,NULL,NULL,NULL,NULL,NULL,NULL,NULL,NULL,NULL,NULL,NULL,NULL,NULL,NULL,63,'0'),(1572855382102880259,1572855378520944641,1572144769282093058,1572144769319841793,'双',NULL,80.000000,80.000000,NULL,NULL,NULL,NULL,NULL,NULL,NULL,NULL,NULL,NULL,NULL,NULL,NULL,NULL,63,'0'),(1572855382115463169,1572855378520944641,1572144769282093058,1572144769424699394,'双',NULL,180.000000,180.000000,NULL,NULL,NULL,NULL,NULL,NULL,NULL,NULL,NULL,NULL,NULL,NULL,NULL,NULL,63,'0'),(1572855382119657474,1572855378520944641,1572144769282093058,1572144769512779777,'双',NULL,120.000000,120.000000,NULL,NULL,NULL,NULL,NULL,NULL,NULL,NULL,NULL,NULL,NULL,NULL,NULL,NULL,63,'0'),(1572855382119657475,1572855378520944641,1572144769282093058,1572144769630220290,'双',NULL,100.000000,100.000000,NULL,NULL,NULL,NULL,NULL,NULL,NULL,NULL,NULL,NULL,NULL,NULL,NULL,NULL,63,'0'),(1572855382119657476,1572855378520944641,1572144769282093058,1572144769718300673,'双',NULL,120.000000,120.000000,NULL,NULL,NULL,NULL,NULL,NULL,NULL,NULL,NULL,NULL,NULL,NULL,NULL,NULL,63,'0'),(1572855382119657477,1572855378520944641,1572144769756049410,1572144769793798146,'双',NULL,200.000000,200.000000,NULL,NULL,NULL,NULL,NULL,NULL,NULL,NULL,NULL,NULL,NULL,NULL,NULL,NULL,63,'0'),(1572855382119657478,1572855378520944641,1572144769756049410,1572144769873489921,'双',NULL,150.000000,150.000000,NULL,NULL,NULL,NULL,NULL,NULL,NULL,NULL,NULL,NULL,NULL,NULL,NULL,NULL,63,'0'),(1572855382119657479,1572855378520944641,1572144769756049410,1572144769957376002,'双',NULL,150.000000,150.000000,NULL,NULL,NULL,NULL,NULL,NULL,NULL,NULL,NULL,NULL,NULL,NULL,NULL,NULL,63,'0'),(1572855382119657480,1572855378520944641,1572144769756049410,1572144770099982338,'双',NULL,300.000000,300.000000,NULL,NULL,NULL,NULL,NULL,NULL,NULL,NULL,NULL,NULL,NULL,NULL,NULL,NULL,63,'0'),(1572855382123851777,1572855378520944641,1572144769756049410,1572144770183868418,'双',NULL,100.000000,100.000000,NULL,NULL,NULL,NULL,NULL,NULL,NULL,NULL,NULL,NULL,NULL,NULL,NULL,NULL,63,'0'),(1572855382123851778,1572855378520944641,1572144770225811458,1572144770263560193,'双',NULL,90.000000,90.000000,NULL,NULL,NULL,NULL,NULL,NULL,NULL,NULL,NULL,NULL,NULL,NULL,NULL,NULL,63,'0'),(1572855382128046082,1572855378520944641,1572144770225811458,1572144770347446274,'双',NULL,60.000000,60.000000,NULL,NULL,NULL,NULL,NULL,NULL,NULL,NULL,NULL,NULL,NULL,NULL,NULL,NULL,63,'0'),(1572855382128046083,1572855378520944641,1572144770225811458,1572144770427138050,'双',NULL,70.000000,70.000000,NULL,NULL,NULL,NULL,NULL,NULL,NULL,NULL,NULL,NULL,NULL,NULL,NULL,NULL,63,'0'),(1572855382128046084,1572855378520944641,1572144770494246913,1572144770531995649,'双',NULL,177.000000,177.000000,NULL,NULL,NULL,NULL,NULL,NULL,NULL,NULL,NULL,NULL,NULL,NULL,NULL,NULL,63,'0'),(1572855382128046085,1572855378520944641,1572144770225811458,1572144770615881729,'双',NULL,90.000000,90.000000,NULL,NULL,NULL,NULL,NULL,NULL,NULL,NULL,NULL,NULL,NULL,NULL,NULL,NULL,63,'0'),(1572855382132240385,1572855378520944641,1572144770225811458,1572144770712350721,'双',NULL,140.000000,140.000000,NULL,NULL,NULL,NULL,NULL,NULL,NULL,NULL,NULL,NULL,NULL,NULL,NULL,NULL,63,'0'),(1572855382132240386,1572855378520944641,1572144770762682370,1572144770821402625,'双',NULL,234.000000,234.000000,NULL,NULL,NULL,NULL,NULL,NULL,NULL,NULL,NULL,NULL,NULL,NULL,NULL,NULL,63,'0'),(1572855382132240387,1572855378520944641,1572144770494246913,1572144770972397569,'双',NULL,337.000000,337.000000,NULL,NULL,NULL,NULL,NULL,NULL,NULL,NULL,NULL,NULL,NULL,NULL,NULL,NULL,63,'0'),(1572855382136434690,1572855378520944641,1572144770225811458,1572144771068866561,'双',NULL,150.000000,150.000000,NULL,NULL,NULL,NULL,NULL,NULL,NULL,NULL,NULL,NULL,NULL,NULL,NULL,NULL,63,'0'),(1572855382136434691,1572855378520944641,1572144770762682370,1572144771144364033,'双',NULL,234.000000,234.000000,NULL,NULL,NULL,NULL,NULL,NULL,NULL,NULL,NULL,NULL,NULL,NULL,NULL,NULL,63,'0'),(1572855382136434692,1572855378520944641,1572144770494246913,1572144771228250114,'双',NULL,177.000000,177.000000,NULL,NULL,NULL,NULL,NULL,NULL,NULL,NULL,NULL,NULL,NULL,NULL,NULL,NULL,63,'0'),(1572855382136434693,1572855378520944641,1572144770762682370,1572144771370856449,'双',NULL,468.000000,468.000000,NULL,NULL,NULL,NULL,NULL,NULL,NULL,NULL,NULL,NULL,NULL,NULL,NULL,NULL,63,'0'),(1572855382136434694,1572855378520944641,1572144770494246913,1572144771471519746,'双',NULL,177.000000,177.000000,NULL,NULL,NULL,NULL,NULL,NULL,NULL,NULL,NULL,NULL,NULL,NULL,NULL,NULL,63,'0'),(1572855382140628994,1572855378520944641,1572144770762682370,1572144771576377346,'双',NULL,234.000000,234.000000,NULL,NULL,NULL,NULL,NULL,NULL,NULL,NULL,NULL,NULL,NULL,NULL,NULL,NULL,63,'0'),(1572855382140628995,1572855378520944641,1572144770494246913,1572144771731566594,'双',NULL,194.000000,194.000000,NULL,NULL,NULL,NULL,NULL,NULL,NULL,NULL,NULL,NULL,NULL,NULL,NULL,NULL,63,'0'),(1572855382144823297,1572855378520944641,1572144770762682370,1572144771853201410,'双',NULL,234.000000,234.000000,NULL,NULL,NULL,NULL,NULL,NULL,NULL,NULL,NULL,NULL,NULL,NULL,NULL,NULL,63,'0'),(1572855382144823298,1572855379645018113,1572144771937087489,1572144771995807745,'双',NULL,50.000000,50.000000,NULL,NULL,NULL,NULL,NULL,NULL,NULL,NULL,NULL,NULL,NULL,NULL,NULL,NULL,63,'0'),(1572855382149017602,1572855379645018113,1572144772050333698,1572144772100665345,'双',NULL,200.000000,200.000000,NULL,NULL,NULL,NULL,NULL,NULL,NULL,NULL,NULL,NULL,NULL,NULL,NULL,NULL,63,'0'),(1572855382149017603,1572855379645018113,1572144772176162817,1572144772218105858,'双',NULL,150.000000,150.000000,NULL,NULL,NULL,NULL,NULL,NULL,NULL,NULL,NULL,NULL,NULL,NULL,NULL,NULL,63,'0'),(1572855382149017604,1572855379645018113,1572144772050333698,1572144772306186242,'双',NULL,400.000000,400.000000,NULL,NULL,NULL,NULL,NULL,NULL,NULL,NULL,NULL,NULL,NULL,NULL,NULL,NULL,63,'0'),(1572855382149017605,1572855379645018113,1572144772050333698,1572144772390072321,'双',NULL,300.000000,300.000000,NULL,NULL,NULL,NULL,NULL,NULL,NULL,NULL,NULL,NULL,NULL,NULL,NULL,NULL,63,'0'),(1572855382149017606,1572855379645018113,1572144772050333698,1572144772494929922,'双',NULL,100.000000,100.000000,NULL,NULL,NULL,NULL,NULL,NULL,NULL,NULL,NULL,NULL,NULL,NULL,NULL,NULL,63,'0'),(1572855382149017607,1572855379645018113,1572144772050333698,1572144772629147650,'双',NULL,200.000000,200.000000,NULL,NULL,NULL,NULL,NULL,NULL,NULL,NULL,NULL,NULL,NULL,NULL,NULL,NULL,63,'0'),(1572855382153211906,1572855379645018113,1572144772679479297,1572144772729810945,'双',NULL,250.000000,250.000000,NULL,NULL,NULL,NULL,NULL,NULL,NULL,NULL,NULL,NULL,NULL,NULL,NULL,NULL,63,'0'),(1572855382153211907,1572855379645018113,1572144772679479297,1572144772834668545,'双',NULL,250.000000,250.000000,NULL,NULL,NULL,NULL,NULL,NULL,NULL,NULL,NULL,NULL,NULL,NULL,NULL,NULL,63,'0'),(1572855382153211908,1572855379645018113,1572144772679479297,1572144772939526146,'双',NULL,250.000000,250.000000,NULL,NULL,NULL,NULL,NULL,NULL,NULL,NULL,NULL,NULL,NULL,NULL,NULL,NULL,63,'0'),(1572855382153211909,1572855379645018113,1572144772679479297,1572144773052772353,'双',NULL,250.000000,250.000000,NULL,NULL,NULL,NULL,NULL,NULL,NULL,NULL,NULL,NULL,NULL,NULL,NULL,NULL,63,'0'),(1572855382157406209,1572855379645018113,1572144772679479297,1572144773140852738,'双',NULL,500.000000,500.000000,NULL,NULL,NULL,NULL,NULL,NULL,NULL,NULL,NULL,NULL,NULL,NULL,NULL,NULL,63,'0'),(1572855382157406210,1572855379645018113,1572144771937087489,1572144773237321729,'双',NULL,150.000000,150.000000,NULL,NULL,NULL,NULL,NULL,NULL,NULL,NULL,NULL,NULL,NULL,NULL,NULL,NULL,63,'0'),(1572855382157406211,1572855379645018113,1572144771937087489,1572144773342179330,'双',NULL,100.000000,100.000000,NULL,NULL,NULL,NULL,NULL,NULL,NULL,NULL,NULL,NULL,NULL,NULL,NULL,NULL,63,'0'),(1572855382157406212,1572855379645018113,1572144773447036929,1572144773501562882,'双',NULL,160.000000,160.000000,NULL,NULL,NULL,NULL,NULL,NULL,NULL,NULL,NULL,NULL,NULL,NULL,NULL,NULL,63,'0'),(1572855382161600514,1572855379645018113,1572144773447036929,1572144773602226177,'双',NULL,160.000000,160.000000,NULL,NULL,NULL,NULL,NULL,NULL,NULL,NULL,NULL,NULL,NULL,NULL,NULL,NULL,63,'0'),(1572855382161600515,1572855379645018113,1572144772176162817,1572144773719666690,'双',NULL,150.000000,150.000000,NULL,NULL,NULL,NULL,NULL,NULL,NULL,NULL,NULL,NULL,NULL,NULL,NULL,NULL,63,'0'),(1572855382161600516,1572855379645018113,1572144772176162817,1572144773870661633,'双',NULL,150.000000,150.000000,NULL,NULL,NULL,NULL,NULL,NULL,NULL,NULL,NULL,NULL,NULL,NULL,NULL,NULL,63,'0'),(1572855382161600517,1572855379645018113,1572144772176162817,1572144773971324929,'双',NULL,150.000000,150.000000,NULL,NULL,NULL,NULL,NULL,NULL,NULL,NULL,NULL,NULL,NULL,NULL,NULL,NULL,63,'0'),(1572855382165794818,1572855379645018113,1572144772176162817,1572144774063599617,'双',NULL,300.000000,300.000000,NULL,NULL,NULL,NULL,NULL,NULL,NULL,NULL,NULL,NULL,NULL,NULL,NULL,NULL,63,'0'),(1572855382165794819,1572855379645018113,1572144773447036929,1572144774172651521,'双',NULL,320.000000,320.000000,NULL,NULL,NULL,NULL,NULL,NULL,NULL,NULL,NULL,NULL,NULL,NULL,NULL,NULL,63,'0'),(1572855382165794820,1572855379645018113,1572144771937087489,1572144774294286337,'双',NULL,200.000000,200.000000,NULL,NULL,NULL,NULL,NULL,NULL,NULL,NULL,NULL,NULL,NULL,NULL,NULL,NULL,63,'0'),(1572855382165794821,1572855379645018113,1572144773447036929,1572144774390755330,'双',NULL,160.000000,160.000000,NULL,NULL,NULL,NULL,NULL,NULL,NULL,NULL,NULL,NULL,NULL,NULL,NULL,NULL,63,'0'),(1572855382165794822,1572855379645018113,1572144771937087489,1572144774499807234,'双',NULL,310.000000,310.000000,NULL,NULL,NULL,NULL,NULL,NULL,NULL,NULL,NULL,NULL,NULL,NULL,NULL,NULL,63,'0'),(1572855382169989121,1572855379645018113,1572144773447036929,1572144774600470529,'双',NULL,160.000000,160.000000,NULL,NULL,NULL,NULL,NULL,NULL,NULL,NULL,NULL,NULL,NULL,NULL,NULL,NULL,63,'0'),(1572855382169989122,1572855379645018113,1572144771937087489,1572144774755659777,'双',NULL,360.000000,360.000000,NULL,NULL,NULL,NULL,NULL,NULL,NULL,NULL,NULL,NULL,NULL,NULL,NULL,NULL,63,'0'),(1572855382169989123,1572855380538404866,1572144774822768641,1572144774868905986,'双',NULL,200.000000,200.000000,NULL,NULL,NULL,NULL,NULL,NULL,NULL,NULL,NULL,NULL,NULL,NULL,NULL,NULL,63,'0'),(1572855382169989124,1572855380538404866,1572144774919237634,1572144774965374978,'双',NULL,160.000000,160.000000,NULL,NULL,NULL,NULL,NULL,NULL,NULL,NULL,NULL,NULL,NULL,NULL,NULL,NULL,63,'0'),(1572855382169989125,1572855380538404866,1572144774919237634,1572144775070232577,'双',NULL,200.000000,200.000000,NULL,NULL,NULL,NULL,NULL,NULL,NULL,NULL,NULL,NULL,NULL,NULL,NULL,NULL,63,'0'),(1572855382174183425,1572855380538404866,1572144774919237634,1572144775204450305,'双',NULL,260.000000,260.000000,NULL,NULL,NULL,NULL,NULL,NULL,NULL,NULL,NULL,NULL,NULL,NULL,NULL,NULL,63,'0'),(1572855382174183426,1572855380538404866,1572144775258976258,1572144775317696513,'双',NULL,68.000000,68.000000,NULL,NULL,NULL,NULL,NULL,NULL,NULL,NULL,NULL,NULL,NULL,NULL,NULL,NULL,63,'0'),(1572855382174183427,1572855380538404866,1572144775372222465,1572144775422554113,'双',NULL,448.000000,448.000000,NULL,NULL,NULL,NULL,NULL,NULL,NULL,NULL,NULL,NULL,NULL,NULL,NULL,NULL,63,'0'),(1572855382174183428,1572855380538404866,1572144775258976258,1572144775577743361,'双',NULL,68.000000,68.000000,NULL,NULL,NULL,NULL,NULL,NULL,NULL,NULL,NULL,NULL,NULL,NULL,NULL,NULL,63,'0'),(1572855382174183429,1572855380538404866,1572144775258976258,1572144775678406657,'双',NULL,68.000000,68.000000,NULL,NULL,NULL,NULL,NULL,NULL,NULL,NULL,NULL,NULL,NULL,NULL,NULL,NULL,63,'0'),(1572855382178377730,1572855380538404866,1572144775728738306,1572144775774875650,'双',NULL,40.000000,40.000000,NULL,NULL,NULL,NULL,NULL,NULL,NULL,NULL,NULL,NULL,NULL,NULL,NULL,NULL,63,'0'),(1572855382178377731,1572855380538404866,1572144775728738306,1572144775871344641,'双',NULL,70.000000,70.000000,NULL,NULL,NULL,NULL,NULL,NULL,NULL,NULL,NULL,NULL,NULL,NULL,NULL,NULL,63,'0'),(1572855382178377732,1572855380538404866,1572144775728738306,1572144776026533890,'双',NULL,90.000000,90.000000,NULL,NULL,NULL,NULL,NULL,NULL,NULL,NULL,NULL,NULL,NULL,NULL,NULL,NULL,63,'0'),(1572855382178377733,1572855380538404866,1572144774822768641,1572144776131391490,'双',NULL,150.000000,150.000000,NULL,NULL,NULL,NULL,NULL,NULL,NULL,NULL,NULL,NULL,NULL,NULL,NULL,NULL,63,'0'),(1572855382178377734,1572855380538404866,1572144775728738306,1572144776240443394,'双',NULL,80.000000,80.000000,NULL,NULL,NULL,NULL,NULL,NULL,NULL,NULL,NULL,NULL,NULL,NULL,NULL,NULL,63,'0'),(1572855382186766338,1572855380538404866,1572144775372222465,1572144776391438337,'双',NULL,648.000000,648.000000,NULL,NULL,NULL,NULL,NULL,NULL,NULL,NULL,NULL,NULL,NULL,NULL,NULL,NULL,63,'0'),(1572855382186766339,1572855380538404866,1572144776433381378,1572144776471130113,'双',NULL,169.000000,169.000000,NULL,NULL,NULL,NULL,NULL,NULL,NULL,NULL,NULL,NULL,NULL,NULL,NULL,NULL,63,'0'),(1572855382186766340,1572855380538404866,1572144775728738306,1572144776559210498,'双',NULL,50.000000,50.000000,NULL,NULL,NULL,NULL,NULL,NULL,NULL,NULL,NULL,NULL,NULL,NULL,NULL,NULL,63,'0'),(1572855382186766341,1572855380538404866,1572144775372222465,1572144776643096578,'双',NULL,696.000000,696.000000,NULL,NULL,NULL,NULL,NULL,NULL,NULL,NULL,NULL,NULL,NULL,NULL,NULL,NULL,63,'0'),(1572855382190960642,1572855380538404866,1572144776433381378,1572144776731176961,'双',NULL,69.000000,69.000000,NULL,NULL,NULL,NULL,NULL,NULL,NULL,NULL,NULL,NULL,NULL,NULL,NULL,NULL,63,'0'),(1572855382190960643,1572855380538404866,1572144775372222465,1572144776873783298,'双',NULL,448.000000,448.000000,NULL,NULL,NULL,NULL,NULL,NULL,NULL,NULL,NULL,NULL,NULL,NULL,NULL,NULL,63,'0'),(1572855382190960644,1572855380538404866,1572144775372222465,1572144776982835202,'双',NULL,448.000000,448.000000,NULL,NULL,NULL,NULL,NULL,NULL,NULL,NULL,NULL,NULL,NULL,NULL,NULL,NULL,63,'0'),(1572855382195154945,1572855380538404866,1572144774822768641,1572144777096081409,'双',NULL,150.000000,150.000000,NULL,NULL,NULL,NULL,NULL,NULL,NULL,NULL,NULL,NULL,NULL,NULL,NULL,NULL,63,'0'),(1572855382195154946,1572855380538404866,1572144774822768641,1572144777263853569,'双',NULL,300.000000,300.000000,NULL,NULL,NULL,NULL,NULL,NULL,NULL,NULL,NULL,NULL,NULL,NULL,NULL,NULL,63,'0'),(1572855382199349249,1572855380538404866,1572144774822768641,1572144777368711170,'双',NULL,150.000000,150.000000,NULL,NULL,NULL,NULL,NULL,NULL,NULL,NULL,NULL,NULL,NULL,NULL,NULL,NULL,63,'0'),(1572855382199349250,1572855380538404866,1572144774822768641,1572144777477763073,'双',NULL,150.000000,150.000000,NULL,NULL,NULL,NULL,NULL,NULL,NULL,NULL,NULL,NULL,NULL,NULL,NULL,NULL,63,'0'),(1572855382203543553,1572855380538404866,1572144774919237634,1572144777653923842,'双',NULL,340.000000,340.000000,NULL,NULL,NULL,NULL,NULL,NULL,NULL,NULL,NULL,NULL,NULL,NULL,NULL,NULL,63,'0'),(1572855382203543554,1572855380538404866,1572144774919237634,1572144777762975745,'双',NULL,210.000000,210.000000,NULL,NULL,NULL,NULL,NULL,NULL,NULL,NULL,NULL,NULL,NULL,NULL,NULL,NULL,63,'0'),(1572855382203543555,1572855380538404866,1572144774919237634,1572144777867833345,'双',NULL,30.000000,30.000000,NULL,NULL,NULL,NULL,NULL,NULL,NULL,NULL,NULL,NULL,NULL,NULL,NULL,NULL,63,'0'),(1572855382203543556,1572855380538404866,1572144776433381378,1572144777985273857,'双',NULL,59.000000,59.000000,NULL,NULL,NULL,NULL,NULL,NULL,NULL,NULL,NULL,NULL,NULL,NULL,NULL,NULL,63,'0'),(1572855382203543557,1572855380538404866,1572144776433381378,1572144778136268802,'双',NULL,199.000000,199.000000,NULL,NULL,NULL,NULL,NULL,NULL,NULL,NULL,NULL,NULL,NULL,NULL,NULL,NULL,63,'0'),(1572855382203543558,1572855380538404866,1572144776433381378,1572144778232737794,'双',NULL,78.000000,78.000000,NULL,NULL,NULL,NULL,NULL,NULL,NULL,NULL,NULL,NULL,NULL,NULL,NULL,NULL,63,'0'),(1572855382203543559,1572855381666672641,1572144778304040962,1572144778354372610,'双',NULL,164.000000,164.000000,NULL,NULL,NULL,NULL,NULL,NULL,NULL,NULL,NULL,NULL,NULL,NULL,NULL,NULL,63,'0'),(1572855382203543560,1572855381666672641,1572144778304040962,1572144778513756162,'双',NULL,164.000000,164.000000,NULL,NULL,NULL,NULL,NULL,NULL,NULL,NULL,NULL,NULL,NULL,NULL,NULL,NULL,63,'0'),(1572855382207737858,1572855381666672641,1572144778572476417,1572144778618613762,'双',NULL,40.000000,40.000000,NULL,NULL,NULL,NULL,NULL,NULL,NULL,NULL,NULL,NULL,NULL,NULL,NULL,NULL,63,'0'),(1572855382207737859,1572855381666672641,1572144778572476417,1572144778723471361,'双',NULL,20.000000,20.000000,NULL,NULL,NULL,NULL,NULL,NULL,NULL,NULL,NULL,NULL,NULL,NULL,NULL,NULL,63,'0'),(1572855382207737860,1572855381666672641,1572144778572476417,1572144778811551746,'双',NULL,20.000000,20.000000,NULL,NULL,NULL,NULL,NULL,NULL,NULL,NULL,NULL,NULL,NULL,NULL,NULL,NULL,63,'0'),(1572855382207737861,1572855381666672641,1572144778572476417,1572144778920603650,'双',NULL,40.000000,40.000000,NULL,NULL,NULL,NULL,NULL,NULL,NULL,NULL,NULL,NULL,NULL,NULL,NULL,NULL,63,'0'),(1572855382207737862,1572855381666672641,1572144778304040962,1572144779008684034,'双',NULL,164.000000,164.000000,NULL,NULL,NULL,NULL,NULL,NULL,NULL,NULL,NULL,NULL,NULL,NULL,NULL,NULL,63,'0'),(1572855382207737863,1572855381666672641,1572144778304040962,1572144779079987201,'双',NULL,328.000000,328.000000,NULL,NULL,NULL,NULL,NULL,NULL,NULL,NULL,NULL,NULL,NULL,NULL,NULL,NULL,63,'0'),(1572855382207737864,1572855381666672641,1572144778304040962,1572144779205816322,'双',NULL,164.000000,164.000000,NULL,NULL,NULL,NULL,NULL,NULL,NULL,NULL,NULL,NULL,NULL,NULL,NULL,NULL,63,'0');
/*!40000 ALTER TABLE `jsh_depot_item` ENABLE KEYS */;
UNLOCK TABLES;

--
-- Table structure for table `jsh_function`
--

DROP TABLE IF EXISTS `jsh_function`;
/*!40101 SET @saved_cs_client     = @@character_set_client */;
/*!40101 SET character_set_client = utf8 */;
CREATE TABLE `jsh_function` (
  `id` bigint(20) NOT NULL AUTO_INCREMENT COMMENT '主键',
  `number` varchar(50) DEFAULT NULL COMMENT '编号',
  `name` varchar(50) DEFAULT NULL COMMENT '名称',
  `parent_number` varchar(50) DEFAULT NULL COMMENT '上级编号',
  `url` varchar(100) DEFAULT NULL COMMENT '链接',
  `component` varchar(100) DEFAULT NULL COMMENT '组件',
  `state` bit(1) DEFAULT NULL COMMENT '收缩',
  `sort` varchar(50) DEFAULT NULL COMMENT '排序',
  `enabled` bit(1) DEFAULT NULL COMMENT '启用',
  `type` varchar(50) DEFAULT NULL COMMENT '类型',
  `push_btn` varchar(50) DEFAULT NULL COMMENT '功能按钮',
  `icon` varchar(50) DEFAULT NULL COMMENT '图标',
  `delete_flag` varchar(1) DEFAULT '0' COMMENT '删除标记，0未删除，1删除',
  PRIMARY KEY (`id`),
  UNIQUE KEY `url` (`url`)
) ENGINE=InnoDB AUTO_INCREMENT=259 DEFAULT CHARSET=utf8 COMMENT='功能模块表';
/*!40101 SET character_set_client = @saved_cs_client */;

--
-- Dumping data for table `jsh_function`
--

LOCK TABLES `jsh_function` WRITE;
/*!40000 ALTER TABLE `jsh_function` DISABLE KEYS */;
INSERT INTO `jsh_function` VALUES (1,'0001','系统管理','0','/system','/layouts/TabLayout',_binary '','0910',_binary '','电脑版','','setting','0'),(13,'000102','角色管理','0001','/system/role','/system/RoleList',_binary '\0','0130',_binary '','电脑版','1','profile','0'),(14,'000103','用户管理','0001','/system/user','/system/UserList',_binary '\0','0140',_binary '','电脑版','1','profile','0'),(15,'000104','日志管理','0001','/system/log','/system/LogList',_binary '\0','0160',_binary '','电脑版','','profile','0'),(16,'000105','功能管理','0001','/system/function','/system/FunctionList',_binary '\0','0166',_binary '','电脑版','1','profile','0'),(18,'000109','租户管理','0001','/system/tenant','/system/TenantList',_binary '\0','0167',_binary '','电脑版','1','profile','0'),(21,'0101','商品管理','0','/material','/layouts/TabLayout',_binary '\0','0620',_binary '','电脑版',NULL,'shopping','0'),(22,'010101','商品类别','0101','/material/material_category','/material/MaterialCategoryList',_binary '\0','0230',_binary '','电脑版','1','profile','1'),(23,'010102','商品信息','0101','/material/material','/material/MaterialList',_binary '\0','0240',_binary '','电脑版','1','profile','0'),(24,'0102','基本资料','0','/systemA','/layouts/TabLayout',_binary '\0','0750',_binary '','电脑版',NULL,'appstore','0'),(25,'01020101','供应商信息','0102','/system/vendor','/system/VendorList',_binary '\0','0260',_binary '','电脑版','1','profile','1'),(26,'010202','仓库信息','0102','/system/depot','/system/DepotList',_binary '\0','0270',_binary '','电脑版','1','profile','0'),(31,'010206','经手人管理','0102','/system/person','/system/PersonList',_binary '\0','0284',_binary '','电脑版','1','profile','1'),(32,'0502','采购管理','0','/bill','/layouts/TabLayout',_binary '\0','0330',_binary '','电脑版','','retweet','1'),(33,'050201','采购入库','0502','/bill/purchase_in','/bill/PurchaseInList',_binary '\0','0340',_binary '','电脑版','1,2,7','profile','0'),(38,'0603','销售管理','0','/billB','/layouts/TabLayout',_binary '\0','0390',_binary '','电脑版','','shopping-cart','0'),(40,'080107','调拨出库','0801','/bill/allocation_out','/bill/AllocationOutList',_binary '\0','0807',_binary '','电脑版','1,2,7','profile','0'),(41,'060303','销售出库','0603','/bill/sale_out','/bill/SaleOutList',_binary '\0','0394',_binary '','电脑版','1,2,7','profile','0'),(44,'0704','财务管理','0','/financial','/layouts/TabLayout',_binary '\0','0450',_binary '','电脑版','','money-collect','1'),(59,'030101','进销存统计','0301','/report/in_out_stock_report','/report/InOutStockReport',_binary '\0','0658',_binary '','电脑版','','profile','1'),(194,'010204','收支项目','0102','/system/in_out_item','/system/InOutItemList',_binary '\0','0282',_binary '','电脑版','1','profile','1'),(195,'010205','结算账户','0102','/system/account','/system/AccountList',_binary '\0','0283',_binary '','电脑版','1','profile','1'),(197,'070402','收入单','0704','/financial/item_in','/financial/ItemInList',_binary '\0','0465',_binary '','电脑版','1,2,7','profile','0'),(198,'0301','报表查询','0','/report','/layouts/TabLayout',_binary '\0','0570',_binary '','电脑版',NULL,'pie-chart','0'),(199,'050204','采购退货','0502','/bill/purchase_back','/bill/PurchaseBackList',_binary '\0','0345',_binary '','电脑版','1,2,7','profile','0'),(200,'060305','销售退货','0603','/bill/sale_back','/bill/SaleBackList',_binary '\0','0396',_binary '','电脑版','1,2,7','profile','0'),(201,'080103','其它入库','0801','/bill/other_in','/bill/OtherInList',_binary '\0','0803',_binary '','电脑版','1,2,7','profile','0'),(202,'080105','其它出库','0801','/bill/other_out','/bill/OtherOutList',_binary '\0','0805',_binary '','电脑版','1,2,7','profile','0'),(203,'070403','支出单','0704','/financial/item_out','/financial/ItemOutList',_binary '\0','0470',_binary '','电脑版','1,2,7','profile','0'),(204,'070404','收款单','0704','/financial/money_in','/financial/MoneyInList',_binary '\0','0475',_binary '','电脑版','1,2,7','profile','0'),(205,'070405','付款单','0704','/financial/money_out','/financial/MoneyOutList',_binary '\0','0480',_binary '','电脑版','1,2,7','profile','0'),(206,'070406','转账单','0704','/financial/giro','/financial/GiroList',_binary '\0','0490',_binary '','电脑版','1,2,7','profile','0'),(207,'030102','账户统计','0301','/report/account_report','/report/AccountReport',_binary '\0','0610',_binary '','电脑版','','profile','1'),(208,'030103','采购统计','0301','/report/buy_in_report','/report/BuyInReport',_binary '\0','0620',_binary '','电脑版','','profile','1'),(209,'030104','销售统计','0301','/report/sale_out_report','/report/SaleOutReport',_binary '\0','0630',_binary '','电脑版','','profile','0'),(210,'040102','零售出库','0401','/bill/retail_out','/bill/RetailOutList',_binary '\0','0405',_binary '','电脑版','1,2,7','profile','0'),(211,'040104','零售退货','0401','/bill/retail_back','/bill/RetailBackList',_binary '\0','0407',_binary '','电脑版','1,2,7','profile','0'),(212,'070407','收预付款','0704','/financial/advance_in','/financial/AdvanceInList',_binary '\0','0495',_binary '','电脑版','1,2,7','profile','0'),(217,'01020102','客户信息','0102','/system/customer','/system/CustomerList',_binary '\0','0262',_binary '','电脑版','1','profile','0'),(218,'01020103','会员信息','0102','/system/member','/system/MemberList',_binary '\0','0263',_binary '','电脑版','1','profile','0'),(220,'010103','计量单位','0101','/system/unit','/system/UnitList',_binary '\0','0245',_binary '','电脑版','1','profile','0'),(225,'0401','零售管理','0','/billC','/layouts/TabLayout',_binary '\0','0101',_binary '','电脑版','','gift','1'),(226,'030106','入库明细','0301','/report/in_detail','/report/InDetail',_binary '\0','0640',_binary '','电脑版','','profile','1'),(227,'030107','出库明细','0301','/report/out_detail','/report/OutDetail',_binary '\0','0645',_binary '','电脑版','','profile','1'),(228,'030108','入库汇总','0301','/report/in_material_count','/report/InMaterialCount',_binary '\0','0650',_binary '','电脑版','','profile','1'),(229,'030109','出库汇总','0301','/report/out_material_count','/report/OutMaterialCount',_binary '\0','0655',_binary '','电脑版','','profile','1'),(232,'080109','组装单','0801','/bill/assemble','/bill/AssembleList',_binary '\0','0809',_binary '','电脑版','1,2,7','profile','0'),(233,'080111','拆卸单','0801','/bill/disassemble','/bill/DisassembleList',_binary '\0','0811',_binary '','电脑版','1,2,7','profile','0'),(234,'000105','系统配置','0001','/system/system_config','/system/SystemConfigList',_binary '\0','0165',_binary '','电脑版','1','profile','0'),(235,'030110','客户对账','0301','/report/customer_account','/report/CustomerAccount',_binary '\0','0660',_binary '','电脑版','','profile','0'),(236,'000106','商品属性','0001','/material/material_property','/material/MaterialPropertyList',_binary '\0','0168',_binary '','电脑版','1','profile','0'),(237,'030111','供应商对账','0301','/report/vendor_account','/report/VendorAccount',_binary '\0','0665',_binary '','电脑版','','profile','1'),(239,'0801','仓库管理','0','/billD','/layouts/TabLayout',_binary '\0','0420',_binary '','电脑版','','hdd','0'),(241,'050202','采购订单','0502','/bill/purchase_order','/bill/PurchaseOrderList',_binary '\0','0335',_binary '','电脑版','1,2,7','profile','0'),(242,'060301','销售订单','0603','/bill/sale_order','/bill/SaleOrderList',_binary '\0','0392',_binary '','电脑版','1,2,7','profile','0'),(243,'000108','机构管理','0001','/system/organization','/system/OrganizationList',_binary '','0150',_binary '','电脑版','1','profile','0'),(244,'030112','库存预警','0301','/report/stock_warning_report','/report/StockWarningReport',_binary '\0','0670',_binary '','电脑版','','profile','1'),(245,'000107','插件管理','0001','/system/plugin','/system/PluginList',_binary '\0','0170',_binary '','电脑版','1','profile','0'),(246,'030113','商品库存','0301','/report/material_stock','/report/MaterialStock',_binary '\0','0605',_binary '','电脑版','','profile','1'),(247,'010105','多属性','0101','/material/material_attribute','/material/MaterialAttributeList',_binary '\0','0250',_binary '','电脑版','1','profile','0'),(248,'030150','调拨明细','0301','/report/allocation_detail','/report/AllocationDetail',_binary '\0','0646',_binary '','电脑版','','profile','1'),(258,'000112','平台配置','0001','/system/platform_config','/system/PlatformConfigList',_binary '\0','0175',_binary '','电脑版','','profile','0');
/*!40000 ALTER TABLE `jsh_function` ENABLE KEYS */;
UNLOCK TABLES;

--
-- Table structure for table `jsh_in_out_item`
--

DROP TABLE IF EXISTS `jsh_in_out_item`;
/*!40101 SET @saved_cs_client     = @@character_set_client */;
/*!40101 SET character_set_client = utf8 */;
CREATE TABLE `jsh_in_out_item` (
  `id` bigint(20) NOT NULL AUTO_INCREMENT COMMENT '主键',
  `name` varchar(50) DEFAULT NULL COMMENT '名称',
  `type` varchar(20) DEFAULT NULL COMMENT '类型',
  `remark` varchar(100) DEFAULT NULL COMMENT '备注',
  `enabled` bit(1) DEFAULT NULL COMMENT '启用',
  `sort` varchar(10) DEFAULT NULL COMMENT '排序',
  `tenant_id` bigint(20) DEFAULT NULL COMMENT '租户id',
  `delete_flag` varchar(1) DEFAULT '0' COMMENT '删除标记，0未删除，1删除',
  PRIMARY KEY (`id`)
) ENGINE=InnoDB AUTO_INCREMENT=24 DEFAULT CHARSET=utf8 COMMENT='收支项目';
/*!40101 SET character_set_client = @saved_cs_client */;

--
-- Dumping data for table `jsh_in_out_item`
--

LOCK TABLES `jsh_in_out_item` WRITE;
/*!40000 ALTER TABLE `jsh_in_out_item` DISABLE KEYS */;
INSERT INTO `jsh_in_out_item` VALUES (21,'快递费','支出','',_binary '',NULL,63,'0'),(22,'房租收入','收入','',_binary '',NULL,63,'0'),(23,'利息收入','收入','收入',_binary '',NULL,63,'0');
/*!40000 ALTER TABLE `jsh_in_out_item` ENABLE KEYS */;
UNLOCK TABLES;

--
-- Table structure for table `jsh_log`
--

DROP TABLE IF EXISTS `jsh_log`;
/*!40101 SET @saved_cs_client     = @@character_set_client */;
/*!40101 SET character_set_client = utf8 */;
CREATE TABLE `jsh_log` (
  `id` bigint(20) NOT NULL AUTO_INCREMENT COMMENT '主键',
  `user_id` bigint(20) DEFAULT NULL COMMENT '用户id',
  `operation` varchar(500) DEFAULT NULL COMMENT '操作模块名称',
  `client_ip` varchar(200) DEFAULT NULL COMMENT '客户端IP',
  `create_time` datetime DEFAULT NULL COMMENT '创建时间',
  `status` tinyint(4) DEFAULT NULL COMMENT '操作状态 0==成功，1==失败',
  `content` varchar(1000) DEFAULT NULL COMMENT '详情',
  `tenant_id` bigint(20) DEFAULT NULL COMMENT '租户id',
  PRIMARY KEY (`id`),
  KEY `FKF2696AA13E226853` (`user_id`)
) ENGINE=InnoDB AUTO_INCREMENT=7589 DEFAULT CHARSET=utf8 COMMENT='操作日志';
/*!40101 SET character_set_client = @saved_cs_client */;

--
-- Dumping data for table `jsh_log`
--

LOCK TABLES `jsh_log` WRITE;
/*!40000 ALTER TABLE `jsh_log` DISABLE KEYS */;
INSERT INTO `jsh_log` VALUES (7559,63,'用户','127.0.0.1/127.0.0.1','2022-09-02 17:17:49',0,'登录jsh',63),(7560,63,'用户','127.0.0.1/127.0.0.1','2022-09-03 21:54:42',0,'登录jsh',63),(7561,63,'用户','127.0.0.1/127.0.0.1','2022-09-05 10:13:11',0,'登录jsh',63),(7562,63,'商品','127.0.0.1/127.0.0.1','2022-09-06 14:10:55',0,'新增22W2549',63),(7563,63,'商品','127.0.0.1/127.0.0.1','2022-09-06 14:13:10',0,'修改22W2549',63),(7564,63,'商品','127.0.0.1/127.0.0.1','2022-09-06 14:13:18',0,'删除[22W2549]',63),(7565,63,'商品','127.0.0.1/127.0.0.1','2022-09-06 14:15:02',0,'新增22W2549',63),(7566,63,'商品','127.0.0.1/127.0.0.1','2022-09-06 14:24:07',0,'删除[22W2549]',63),(7567,63,'商品属性','127.0.0.1/127.0.0.1','2022-09-06 14:27:37',0,'新增厚度*宽度*长度',63),(7568,63,'商品属性','127.0.0.1/127.0.0.1','2022-09-06 14:28:05',0,'新增码数',63),(7569,63,'商品','127.0.0.1/127.0.0.1','2022-09-06 14:29:46',0,'新增22W2549',63),(7570,63,'关联关系','127.0.0.1/127.0.0.1','2022-09-06 14:35:27',0,'修改',63),(7571,63,'商家','127.0.0.1/127.0.0.1','2022-09-06 14:35:27',0,'新增原一',63),(7572,63,'单据','127.0.0.1/127.0.0.1','2022-09-06 15:04:49',0,'新增LSCK00000000669',63),(7573,63,'商家','127.0.0.1/127.0.0.1','2022-09-06 15:05:27',0,'新增阿忠',63),(7574,63,'商品','127.0.0.1/127.0.0.1','2022-09-06 15:16:10',0,'新增26078',63),(7575,63,'关联关系','127.0.0.1/127.0.0.1','2022-09-06 15:19:54',0,'修改',63),(7576,63,'商家','127.0.0.1/127.0.0.1','2022-09-06 15:19:55',0,'新增海潮',63),(7577,63,'单据','127.0.0.1/127.0.0.1','2022-09-06 15:20:23',0,'新增XSCK00000000671',63),(7578,63,'单据','127.0.0.1/127.0.0.1','2022-09-06 15:34:42',0,'删除[LSCK00000000636]',63),(7579,63,'用户','127.0.0.1/127.0.0.1','2022-09-08 14:08:57',0,'登录jsh',63),(7580,63,'关联关系','127.0.0.1/127.0.0.1','2022-09-08 16:36:31',0,'修改',63),(7581,63,'商家','127.0.0.1/127.0.0.1','2022-09-08 16:36:31',0,'新增瑞安市原一鞋材有限公司',63),(7582,63,'商家','127.0.0.1/127.0.0.1','2022-09-08 16:36:38',0,'删除[原一]',63),(7583,63,'用户','127.0.0.1/127.0.0.1','2022-09-13 15:45:59',0,'登录jsh',63),(7584,63,'用户','127.0.0.1/127.0.0.1','2022-09-19 15:45:00',0,'登录jsh',63),(7585,63,'用户','127.0.0.1/127.0.0.1','2022-09-22 15:01:23',0,'登录jsh',63),(7586,120,'用户','127.0.0.1/127.0.0.1','2022-09-22 17:07:13',0,'登录admin',0),(7587,63,'用户','127.0.0.1/127.0.0.1','2022-09-22 17:08:09',0,'登录jsh',63),(7588,63,'用户','127.0.0.1/127.0.0.1','2022-09-25 22:10:37',0,'登录jsh',63);
/*!40000 ALTER TABLE `jsh_log` ENABLE KEYS */;
UNLOCK TABLES;

--
-- Table structure for table `jsh_material`
--

DROP TABLE IF EXISTS `jsh_material`;
/*!40101 SET @saved_cs_client     = @@character_set_client */;
/*!40101 SET character_set_client = utf8 */;
CREATE TABLE `jsh_material` (
  `id` bigint(20) NOT NULL AUTO_INCREMENT COMMENT '主键',
  `category_id` bigint(20) DEFAULT NULL COMMENT '产品类型id',
  `name` varchar(100) DEFAULT NULL COMMENT '名称',
  `mfrs` varchar(50) DEFAULT NULL COMMENT '制造商',
  `model` varchar(50) DEFAULT NULL COMMENT '型号',
  `standard` varchar(50) DEFAULT NULL COMMENT '规格',
  `color` varchar(50) DEFAULT NULL COMMENT '颜色',
  `unit` varchar(50) DEFAULT NULL COMMENT '单位-单个',
  `remark` varchar(100) DEFAULT NULL COMMENT '备注',
  `img_name` varchar(500) DEFAULT NULL COMMENT '图片名称',
  `unit_id` bigint(20) DEFAULT NULL COMMENT '计量单位Id',
  `expiry_num` int(10) DEFAULT NULL COMMENT '保质期天数',
  `weight` decimal(24,6) DEFAULT NULL COMMENT '基础重量(kg)',
  `enabled` bit(1) DEFAULT NULL COMMENT '启用 0-禁用  1-启用',
  `other_field1` varchar(50) DEFAULT NULL COMMENT '自定义1',
  `other_field2` varchar(50) DEFAULT NULL COMMENT '自定义2',
  `other_field3` varchar(50) DEFAULT NULL COMMENT '自定义3',
  `enable_serial_number` varchar(1) DEFAULT '0' COMMENT '是否开启序列号，0否，1是',
  `enable_batch_number` varchar(1) DEFAULT '0' COMMENT '是否开启批号，0否，1是',
  `tenant_id` bigint(20) DEFAULT NULL COMMENT '租户id',
  `delete_flag` varchar(1) DEFAULT '0' COMMENT '删除标记，0未删除，1删除',
  PRIMARY KEY (`id`),
  KEY `FK675951272AB6672C` (`category_id`),
  KEY `UnitId` (`unit_id`)
) ENGINE=InnoDB AUTO_INCREMENT=1572144778572476418 DEFAULT CHARSET=utf8 COMMENT='产品表';
/*!40101 SET character_set_client = @saved_cs_client */;

--
-- Dumping data for table `jsh_material`
--

LOCK TABLES `jsh_material` WRITE;
/*!40000 ALTER TABLE `jsh_material` DISABLE KEYS */;
INSERT INTO `jsh_material` VALUES (622,NULL,'22W2549','正选','22D1610',NULL,NULL,'双',NULL,'',NULL,NULL,NULL,_binary '',NULL,NULL,NULL,'0','0',63,'0'),(623,NULL,'26078','彩云',NULL,NULL,NULL,'双',NULL,'',NULL,NULL,NULL,_binary '',NULL,NULL,NULL,'0','0',63,'0'),(1572144767134609410,NULL,'22w2675-1铁钎',NULL,'XDW22D1736D',NULL,NULL,'双',NULL,NULL,NULL,NULL,NULL,NULL,NULL,NULL,NULL,NULL,NULL,63,'0'),(1572144768044773377,NULL,'21M1538铁钎',NULL,'XDM22Q2202A',NULL,NULL,'双',NULL,NULL,NULL,NULL,NULL,NULL,NULL,NULL,NULL,NULL,NULL,63,'0'),(1572144768720056322,NULL,'22W2791铁钎',NULL,'XDW22Q2128A',NULL,NULL,'双',NULL,NULL,NULL,NULL,NULL,NULL,NULL,NULL,NULL,NULL,NULL,63,'0'),(1572144769282093058,NULL,'21W1120铁钎',NULL,'XDW22Q1105A',NULL,NULL,'双',NULL,NULL,NULL,NULL,NULL,NULL,NULL,NULL,NULL,NULL,NULL,63,'0'),(1572144769756049410,NULL,'20C004铁钎',NULL,'XDW22Q1702A',NULL,NULL,'双',NULL,NULL,NULL,NULL,NULL,NULL,NULL,NULL,NULL,NULL,NULL,63,'0'),(1572144770225811458,NULL,'22W1945铁钎',NULL,'XDW22Q1652A',NULL,NULL,'双',NULL,NULL,NULL,NULL,NULL,NULL,NULL,NULL,NULL,NULL,NULL,63,'0'),(1572144770494246913,NULL,'22W2793铁钎',NULL,'XDW22Q2083A',NULL,NULL,'双',NULL,NULL,NULL,NULL,NULL,NULL,NULL,NULL,NULL,NULL,NULL,63,'0'),(1572144770762682370,NULL,'22W2658-1铁钎',NULL,'XDW22Q2761A',NULL,NULL,'双',NULL,NULL,NULL,NULL,NULL,NULL,NULL,NULL,NULL,NULL,NULL,63,'0'),(1572144771937087489,NULL,'22W2549铁钎',NULL,'XDW22D1610D',NULL,NULL,'双',NULL,NULL,NULL,NULL,NULL,NULL,NULL,NULL,NULL,NULL,NULL,63,'0'),(1572144772050333698,NULL,'22W2547铁钎',NULL,'XDW22D1028D',NULL,NULL,'双',NULL,NULL,NULL,NULL,NULL,NULL,NULL,NULL,NULL,NULL,NULL,63,'0'),(1572144772176162817,NULL,'22W2547铁钎',NULL,'XDW22D1028E',NULL,NULL,'双',NULL,NULL,NULL,NULL,NULL,NULL,NULL,NULL,NULL,NULL,NULL,63,'0'),(1572144772679479297,NULL,'19D112注塑铁钎',NULL,'XDW22D1146D',NULL,NULL,'双',NULL,NULL,NULL,NULL,NULL,NULL,NULL,NULL,NULL,NULL,NULL,63,'0'),(1572144773447036929,NULL,'22W2702铁钎',NULL,'XDW22Q2127A',NULL,NULL,'双',NULL,NULL,NULL,NULL,NULL,NULL,NULL,NULL,NULL,NULL,NULL,63,'0'),(1572144774822768641,NULL,'22W2546铁钎',NULL,'XDW22D1008C',NULL,NULL,'双',NULL,NULL,NULL,NULL,NULL,NULL,NULL,NULL,NULL,NULL,NULL,63,'0'),(1572144774919237634,NULL,'21W1716铁钎',NULL,'XDW22D1111D',NULL,NULL,'双',NULL,NULL,NULL,NULL,NULL,NULL,NULL,NULL,NULL,NULL,NULL,63,'0'),(1572144775258976258,NULL,'22W2551铁钎',NULL,'XDW22D1609E',NULL,NULL,'双',NULL,NULL,NULL,NULL,NULL,NULL,NULL,NULL,NULL,NULL,NULL,63,'0'),(1572144775372222465,NULL,'22W2551铁钎',NULL,'XDW22D1609D',NULL,NULL,'双',NULL,NULL,NULL,NULL,NULL,NULL,NULL,NULL,NULL,NULL,NULL,63,'0'),(1572144775728738306,NULL,'22W2573铁钎',NULL,'XDW22D1026D',NULL,NULL,'双',NULL,NULL,NULL,NULL,NULL,NULL,NULL,NULL,NULL,NULL,NULL,63,'0'),(1572144776433381378,NULL,'22W2546铁钎',NULL,'XDW22D1008E',NULL,NULL,'双',NULL,NULL,NULL,NULL,NULL,NULL,NULL,NULL,NULL,NULL,NULL,63,'0'),(1572144778304040962,NULL,'19Q046注塑铁钎',NULL,'XDW22Q1028A',NULL,NULL,'双',NULL,NULL,NULL,NULL,NULL,NULL,NULL,NULL,NULL,NULL,NULL,63,'0'),(1572144778572476417,NULL,'21W1135铁钎',NULL,'XDW22Q1002A',NULL,NULL,'双',NULL,NULL,NULL,NULL,NULL,NULL,NULL,NULL,NULL,NULL,NULL,63,'0');
/*!40000 ALTER TABLE `jsh_material` ENABLE KEYS */;
UNLOCK TABLES;

--
-- Table structure for table `jsh_material_attribute`
--

DROP TABLE IF EXISTS `jsh_material_attribute`;
/*!40101 SET @saved_cs_client     = @@character_set_client */;
/*!40101 SET character_set_client = utf8 */;
CREATE TABLE `jsh_material_attribute` (
  `id` bigint(20) NOT NULL AUTO_INCREMENT,
  `attribute_name` varchar(50) DEFAULT NULL COMMENT '属性名',
  `attribute_value` varchar(500) DEFAULT NULL COMMENT '属性值',
  `tenant_id` bigint(20) DEFAULT NULL COMMENT '租户id',
  `delete_flag` varchar(1) DEFAULT '0' COMMENT '删除标记，0未删除，1删除',
  PRIMARY KEY (`id`)
) ENGINE=InnoDB AUTO_INCREMENT=8 DEFAULT CHARSET=utf8 COMMENT='产品属性表';
/*!40101 SET character_set_client = @saved_cs_client */;

--
-- Dumping data for table `jsh_material_attribute`
--

LOCK TABLES `jsh_material_attribute` WRITE;
/*!40000 ALTER TABLE `jsh_material_attribute` DISABLE KEYS */;
INSERT INTO `jsh_material_attribute` VALUES (6,'厚度*宽度*长度','1.0*12*110|1.0*12*115|1.0*12|120',63,'0'),(7,'码数','34|35|36',63,'0');
/*!40000 ALTER TABLE `jsh_material_attribute` ENABLE KEYS */;
UNLOCK TABLES;

--
-- Table structure for table `jsh_material_attribute_value`
--

DROP TABLE IF EXISTS `jsh_material_attribute_value`;
/*!40101 SET @saved_cs_client     = @@character_set_client */;
/*!40101 SET character_set_client = utf8 */;
CREATE TABLE `jsh_material_attribute_value` (
  `id` bigint(20) NOT NULL AUTO_INCREMENT COMMENT '主键id',
  `sku_id` bigint(20) NOT NULL COMMENT '产品sku的id',
  `attribute_id` bigint(20) NOT NULL COMMENT '属性id',
  `value` varchar(100) DEFAULT NULL COMMENT '属性值',
  `update_time` timestamp NULL DEFAULT CURRENT_TIMESTAMP ON UPDATE CURRENT_TIMESTAMP COMMENT '更新时间',
  `delete_flag` varchar(1) DEFAULT '0' COMMENT '删除标记，0未删除，1删除',
  PRIMARY KEY (`id`)
) ENGINE=InnoDB DEFAULT CHARSET=utf8mb4 COMMENT='产品属性值表';
/*!40101 SET character_set_client = @saved_cs_client */;

--
-- Dumping data for table `jsh_material_attribute_value`
--

LOCK TABLES `jsh_material_attribute_value` WRITE;
/*!40000 ALTER TABLE `jsh_material_attribute_value` DISABLE KEYS */;
/*!40000 ALTER TABLE `jsh_material_attribute_value` ENABLE KEYS */;
UNLOCK TABLES;

--
-- Table structure for table `jsh_material_category`
--

DROP TABLE IF EXISTS `jsh_material_category`;
/*!40101 SET @saved_cs_client     = @@character_set_client */;
/*!40101 SET character_set_client = utf8 */;
CREATE TABLE `jsh_material_category` (
  `id` bigint(20) NOT NULL AUTO_INCREMENT COMMENT '主键',
  `name` varchar(50) DEFAULT NULL COMMENT '名称',
  `category_level` smallint(6) DEFAULT NULL COMMENT '等级',
  `parent_id` bigint(20) DEFAULT NULL COMMENT '上级id',
  `sort` varchar(10) DEFAULT NULL COMMENT '显示顺序',
  `serial_no` varchar(100) DEFAULT NULL COMMENT '编号',
  `remark` varchar(1024) DEFAULT NULL COMMENT '备注',
  `create_time` datetime DEFAULT NULL COMMENT '创建时间',
  `update_time` datetime DEFAULT NULL COMMENT '更新时间',
  `tenant_id` bigint(20) DEFAULT NULL COMMENT '租户id',
  `delete_flag` varchar(1) DEFAULT '0' COMMENT '删除标记，0未删除，1删除',
  PRIMARY KEY (`id`),
  KEY `FK3EE7F725237A77D8` (`parent_id`)
) ENGINE=InnoDB AUTO_INCREMENT=22 DEFAULT CHARSET=utf8 COMMENT='产品类型表';
/*!40101 SET character_set_client = @saved_cs_client */;

--
-- Dumping data for table `jsh_material_category`
--

LOCK TABLES `jsh_material_category` WRITE;
/*!40000 ALTER TABLE `jsh_material_category` DISABLE KEYS */;
INSERT INTO `jsh_material_category` VALUES (17,'目录1',NULL,NULL,'11','wae12','eee','2019-04-10 22:18:12','2021-02-17 15:11:35',63,'0'),(21,'目录2',NULL,17,'22','ada112','ddd','2020-07-20 23:08:44','2020-07-20 23:08:44',63,'0');
/*!40000 ALTER TABLE `jsh_material_category` ENABLE KEYS */;
UNLOCK TABLES;

--
-- Table structure for table `jsh_material_current_stock`
--

DROP TABLE IF EXISTS `jsh_material_current_stock`;
/*!40101 SET @saved_cs_client     = @@character_set_client */;
/*!40101 SET character_set_client = utf8 */;
CREATE TABLE `jsh_material_current_stock` (
  `id` bigint(20) NOT NULL AUTO_INCREMENT COMMENT '主键',
  `material_id` bigint(20) DEFAULT NULL COMMENT '产品id',
  `depot_id` bigint(20) DEFAULT NULL COMMENT '仓库id',
  `current_number` decimal(24,6) DEFAULT NULL COMMENT '当前库存数量',
  `tenant_id` bigint(20) DEFAULT NULL COMMENT '租户id',
  `delete_flag` varchar(1) DEFAULT '0' COMMENT '删除标记，0未删除，1删除',
  PRIMARY KEY (`id`)
) ENGINE=InnoDB DEFAULT CHARSET=utf8 ROW_FORMAT=COMPACT COMMENT='产品当前库存';
/*!40101 SET character_set_client = @saved_cs_client */;

--
-- Dumping data for table `jsh_material_current_stock`
--

LOCK TABLES `jsh_material_current_stock` WRITE;
/*!40000 ALTER TABLE `jsh_material_current_stock` DISABLE KEYS */;
/*!40000 ALTER TABLE `jsh_material_current_stock` ENABLE KEYS */;
UNLOCK TABLES;

--
-- Table structure for table `jsh_material_extend`
--

DROP TABLE IF EXISTS `jsh_material_extend`;
/*!40101 SET @saved_cs_client     = @@character_set_client */;
/*!40101 SET character_set_client = utf8 */;
CREATE TABLE `jsh_material_extend` (
  `id` bigint(20) NOT NULL AUTO_INCREMENT COMMENT '主键',
  `material_id` bigint(20) DEFAULT NULL COMMENT '商品id',
  `bar_code` varchar(50) DEFAULT NULL COMMENT '商品条码',
  `commodity_unit` varchar(50) DEFAULT NULL COMMENT '商品单位',
  `sku` varchar(50) DEFAULT NULL COMMENT '多属性',
  `purchase_decimal` decimal(24,6) DEFAULT NULL COMMENT '采购价格',
  `commodity_decimal` decimal(24,6) DEFAULT NULL COMMENT '零售价格',
  `wholesale_decimal` decimal(24,6) DEFAULT NULL COMMENT '销售价格',
  `low_decimal` decimal(24,6) DEFAULT NULL COMMENT '最低售价',
  `default_flag` varchar(1) DEFAULT '1' COMMENT '是否为默认单位，1是，0否',
  `create_time` datetime DEFAULT NULL COMMENT '创建日期',
  `create_serial` varchar(50) DEFAULT NULL COMMENT '创建人编码',
  `update_serial` varchar(50) DEFAULT NULL COMMENT '更新人编码',
  `update_time` bigint(20) DEFAULT NULL COMMENT '更新时间戳',
  `tenant_id` bigint(20) DEFAULT NULL COMMENT '租户id',
  `delete_Flag` varchar(1) DEFAULT '0' COMMENT '删除标记，0未删除，1删除',
  PRIMARY KEY (`id`)
) ENGINE=InnoDB AUTO_INCREMENT=1572144779205816323 DEFAULT CHARSET=utf8 ROW_FORMAT=COMPACT COMMENT='产品价格扩展';
/*!40101 SET character_set_client = @saved_cs_client */;

--
-- Dumping data for table `jsh_material_extend`
--

LOCK TABLES `jsh_material_extend` WRITE;
/*!40000 ALTER TABLE `jsh_material_extend` DISABLE KEYS */;
INSERT INTO `jsh_material_extend` VALUES (43,622,'1018','双','34,1.0*12*110',0.300000,0.300000,0.300000,0.300000,'1','2022-09-06 14:29:46','jsh','jsh',1662445785671,63,'0'),(44,622,'1021','双','35,1.0*12*115',0.300000,0.300000,0.300000,0.300000,'0','2022-09-06 14:29:46','jsh','jsh',1662445785698,63,'0'),(45,623,'1022','双','1.0*12*110',0.250000,0.250000,0.250000,0.250000,'1','2022-09-06 15:16:10','jsh','jsh',1662448570279,63,'0'),(46,623,'1023','双','1.0*12*115',0.250000,0.250000,0.250000,0.250000,'0','2022-09-06 15:16:10','jsh','jsh',1662448570317,63,'0'),(1572144767273021442,1572144767134609410,'10231','双','37',NULL,NULL,NULL,NULL,NULL,'2022-09-20 16:44:56',NULL,NULL,NULL,63,'0'),(1572144767436599298,1572144767134609410,'102311','双','36',NULL,NULL,NULL,NULL,NULL,'2022-09-20 16:44:56',NULL,NULL,NULL,63,'0'),(1572144767629537281,1572144767134609410,'1023111','双','35',NULL,NULL,NULL,NULL,NULL,'2022-09-20 16:44:56',NULL,NULL,NULL,63,'0'),(1572144767784726530,1572144767134609410,'10231111','双','39',NULL,NULL,NULL,NULL,NULL,'2022-09-20 16:44:56',NULL,NULL,NULL,63,'0'),(1572144767956692994,1572144767134609410,'102311111','双','38',NULL,NULL,NULL,NULL,NULL,'2022-09-20 16:44:56',NULL,NULL,NULL,63,'0'),(1572144768116076545,1572144768044773377,'1023111111','双','40',NULL,NULL,NULL,NULL,NULL,'2022-09-20 16:44:56',NULL,NULL,NULL,63,'0'),(1572144768237711361,1572144768044773377,'10231111111','双','41',NULL,NULL,NULL,NULL,NULL,'2022-09-20 16:44:56',NULL,NULL,NULL,63,'0'),(1572144768397094914,1572144768044773377,'102311111111','双','42',NULL,NULL,NULL,NULL,NULL,'2022-09-20 16:44:56',NULL,NULL,NULL,63,'0'),(1572144768522924033,1572144768044773377,'1023111111111','双','43',NULL,NULL,NULL,NULL,NULL,'2022-09-20 16:44:57',NULL,NULL,NULL,63,'0'),(1572144768636170242,1572144768044773377,'10231111111111','双','39',NULL,NULL,NULL,NULL,NULL,'2022-09-20 16:44:57',NULL,NULL,NULL,63,'0'),(1572144768808136705,1572144768720056322,'102311111111111','双','36',NULL,NULL,NULL,NULL,NULL,'2022-09-20 16:44:57',NULL,NULL,NULL,63,'0'),(1572144768912994306,1572144768720056322,'1023111111111111','双','35',NULL,NULL,NULL,NULL,NULL,'2022-09-20 16:44:57',NULL,NULL,NULL,63,'0'),(1572144769013657602,1572144768720056322,'10231111111111111','双','38',NULL,NULL,NULL,NULL,NULL,'2022-09-20 16:44:57',NULL,NULL,NULL,63,'0'),(1572144769101737985,1572144768720056322,'102311111111111111','双','37',NULL,NULL,NULL,NULL,NULL,'2022-09-20 16:44:57',NULL,NULL,NULL,63,'0'),(1572144769210789890,1572144768720056322,'1023111111111111111','双','39',NULL,NULL,NULL,NULL,NULL,'2022-09-20 16:44:57',NULL,NULL,NULL,63,'0'),(1572144769319841793,1572144769282093058,'10231111111111111111','双','39',NULL,NULL,NULL,NULL,NULL,'2022-09-20 16:44:57',NULL,NULL,NULL,63,'0'),(1572144769424699394,1572144769282093058,'10231111111111111111','双','37',NULL,NULL,NULL,NULL,NULL,'2022-09-20 16:44:57',NULL,NULL,NULL,63,'0'),(1572144769512779777,1572144769282093058,'10231111111111111111','双','38',NULL,NULL,NULL,NULL,NULL,'2022-09-20 16:44:57',NULL,NULL,NULL,63,'0'),(1572144769630220290,1572144769282093058,'10231111111111111111','双','35',NULL,NULL,NULL,NULL,NULL,'2022-09-20 16:44:57',NULL,NULL,NULL,63,'0'),(1572144769718300673,1572144769282093058,'10231111111111111111','双','36',NULL,NULL,NULL,NULL,NULL,'2022-09-20 16:44:57',NULL,NULL,NULL,63,'0'),(1572144769793798146,1572144769756049410,'10231111111111111111','双','36',NULL,NULL,NULL,NULL,NULL,'2022-09-20 16:44:57',NULL,NULL,NULL,63,'0'),(1572144769873489921,1572144769756049410,'10231111111111111111','双','35',NULL,NULL,NULL,NULL,NULL,'2022-09-20 16:44:57',NULL,NULL,NULL,63,'0'),(1572144769957376002,1572144769756049410,'10231111111111111111','双','38',NULL,NULL,NULL,NULL,NULL,'2022-09-20 16:44:57',NULL,NULL,NULL,63,'0'),(1572144770099982338,1572144769756049410,'10231111111111111111','双','37',NULL,NULL,NULL,NULL,NULL,'2022-09-20 16:44:57',NULL,NULL,NULL,63,'0'),(1572144770183868418,1572144769756049410,'10231111111111111111','双','39',NULL,NULL,NULL,NULL,NULL,'2022-09-20 16:44:57',NULL,NULL,NULL,63,'0'),(1572144770263560193,1572144770225811458,'10231111111111111111','双','38',NULL,NULL,NULL,NULL,NULL,'2022-09-20 16:44:57',NULL,NULL,NULL,63,'0'),(1572144770347446274,1572144770225811458,'10231111111111111111','双','39',NULL,NULL,NULL,NULL,NULL,'2022-09-20 16:44:57',NULL,NULL,NULL,63,'0'),(1572144770427138050,1572144770225811458,'10231111111111111111','双','34',NULL,NULL,NULL,NULL,NULL,'2022-09-20 16:44:57',NULL,NULL,NULL,63,'0'),(1572144770531995649,1572144770494246913,'10231111111111111111','双','39',NULL,NULL,NULL,NULL,NULL,'2022-09-20 16:44:57',NULL,NULL,NULL,63,'0'),(1572144770615881729,1572144770225811458,'10231111111111111111','双','35',NULL,NULL,NULL,NULL,NULL,'2022-09-20 16:44:57',NULL,NULL,NULL,63,'0'),(1572144770712350721,1572144770225811458,'10231111111111111111','双','36',NULL,NULL,NULL,NULL,NULL,'2022-09-20 16:44:57',NULL,NULL,NULL,63,'0'),(1572144770821402625,1572144770762682370,'10231111111111111111','双','39',NULL,NULL,NULL,NULL,NULL,'2022-09-20 16:44:57',NULL,NULL,NULL,63,'0'),(1572144770972397569,1572144770494246913,'10231111111111111111','双','37',NULL,NULL,NULL,NULL,NULL,'2022-09-20 16:44:57',NULL,NULL,NULL,63,'0'),(1572144771068866561,1572144770225811458,'10231111111111111111','双','37',NULL,NULL,NULL,NULL,NULL,'2022-09-20 16:44:57',NULL,NULL,NULL,63,'0'),(1572144771144364033,1572144770762682370,'10231111111111111111','双','38',NULL,NULL,NULL,NULL,NULL,'2022-09-20 16:44:57',NULL,NULL,NULL,63,'0'),(1572144771228250114,1572144770494246913,'10231111111111111111','双','38',NULL,NULL,NULL,NULL,NULL,'2022-09-20 16:44:57',NULL,NULL,NULL,63,'0'),(1572144771370856449,1572144770762682370,'10231111111111111111','双','37',NULL,NULL,NULL,NULL,NULL,'2022-09-20 16:44:57',NULL,NULL,NULL,63,'0'),(1572144771471519746,1572144770494246913,'10231111111111111111','双','35',NULL,NULL,NULL,NULL,NULL,'2022-09-20 16:44:57',NULL,NULL,NULL,63,'0'),(1572144771576377346,1572144770762682370,'10231111111111111111','双','36',NULL,NULL,NULL,NULL,NULL,'2022-09-20 16:44:57',NULL,NULL,NULL,63,'0'),(1572144771731566594,1572144770494246913,'10231111111111111111','双','36',NULL,NULL,NULL,NULL,NULL,'2022-09-20 16:44:57',NULL,NULL,NULL,63,'0'),(1572144771853201410,1572144770762682370,'10231111111111111111','双','35',NULL,NULL,NULL,NULL,NULL,'2022-09-20 16:44:57',NULL,NULL,NULL,63,'0'),(1572144771995807745,1572144771937087489,'10231111111111111111','双','40',NULL,NULL,NULL,NULL,NULL,'2022-09-20 16:44:57',NULL,NULL,NULL,63,'0'),(1572144772100665345,1572144772050333698,'10231111111111111111','双','35',NULL,NULL,NULL,NULL,NULL,'2022-09-20 16:44:57',NULL,NULL,NULL,63,'0'),(1572144772218105858,1572144772176162817,'10231111111111111111','双','39',NULL,NULL,NULL,NULL,NULL,'2022-09-20 16:44:57',NULL,NULL,NULL,63,'0'),(1572144772306186242,1572144772050333698,'10231111111111111111','双','37',NULL,NULL,NULL,NULL,NULL,'2022-09-20 16:44:57',NULL,NULL,NULL,63,'0'),(1572144772390072321,1572144772050333698,'10231111111111111111','双','36',NULL,NULL,NULL,NULL,NULL,'2022-09-20 16:44:57',NULL,NULL,NULL,63,'0'),(1572144772494929922,1572144772050333698,'10231111111111111111','双','39',NULL,NULL,NULL,NULL,NULL,'2022-09-20 16:44:57',NULL,NULL,NULL,63,'0'),(1572144772629147650,1572144772050333698,'10231111111111111111','双','38',NULL,NULL,NULL,NULL,NULL,'2022-09-20 16:44:57',NULL,NULL,NULL,63,'0'),(1572144772729810945,1572144772679479297,'10231111111111111111','双','39',NULL,NULL,NULL,NULL,NULL,'2022-09-20 16:44:58',NULL,NULL,NULL,63,'0'),(1572144772834668545,1572144772679479297,'10231111111111111111','双','36',NULL,NULL,NULL,NULL,NULL,'2022-09-20 16:44:58',NULL,NULL,NULL,63,'0'),(1572144772939526146,1572144772679479297,'10231111111111111111','双','35',NULL,NULL,NULL,NULL,NULL,'2022-09-20 16:44:58',NULL,NULL,NULL,63,'0'),(1572144773052772353,1572144772679479297,'10231111111111111111','双','38',NULL,NULL,NULL,NULL,NULL,'2022-09-20 16:44:58',NULL,NULL,NULL,63,'0'),(1572144773140852738,1572144772679479297,'10231111111111111111','双','37',NULL,NULL,NULL,NULL,NULL,'2022-09-20 16:44:58',NULL,NULL,NULL,63,'0'),(1572144773237321729,1572144771937087489,'10231111111111111111','双','36',NULL,NULL,NULL,NULL,NULL,'2022-09-20 16:44:58',NULL,NULL,NULL,63,'0'),(1572144773342179330,1572144771937087489,'10231111111111111111','双','35',NULL,NULL,NULL,NULL,NULL,'2022-09-20 16:44:58',NULL,NULL,NULL,63,'0'),(1572144773501562882,1572144773447036929,'10231111111111111111','双','39',NULL,NULL,NULL,NULL,NULL,'2022-09-20 16:44:58',NULL,NULL,NULL,63,'0'),(1572144773602226177,1572144773447036929,'10231111111111111111','双','38',NULL,NULL,NULL,NULL,NULL,'2022-09-20 16:44:58',NULL,NULL,NULL,63,'0'),(1572144773719666690,1572144772176162817,'10231111111111111111','双','36',NULL,NULL,NULL,NULL,NULL,'2022-09-20 16:44:58',NULL,NULL,NULL,63,'0'),(1572144773870661633,1572144772176162817,'10231111111111111111','双','35',NULL,NULL,NULL,NULL,NULL,'2022-09-20 16:44:58',NULL,NULL,NULL,63,'0'),(1572144773971324929,1572144772176162817,'10231111111111111111','双','38',NULL,NULL,NULL,NULL,NULL,'2022-09-20 16:44:58',NULL,NULL,NULL,63,'0'),(1572144774063599617,1572144772176162817,'10231111111111111111','双','37',NULL,NULL,NULL,NULL,NULL,'2022-09-20 16:44:58',NULL,NULL,NULL,63,'0'),(1572144774172651521,1572144773447036929,'10231111111111111111','双','37',NULL,NULL,NULL,NULL,NULL,'2022-09-20 16:44:58',NULL,NULL,NULL,63,'0'),(1572144774294286337,1572144771937087489,'10231111111111111111','双','39',NULL,NULL,NULL,NULL,NULL,'2022-09-20 16:44:58',NULL,NULL,NULL,63,'0'),(1572144774390755330,1572144773447036929,'10231111111111111111','双','36',NULL,NULL,NULL,NULL,NULL,'2022-09-20 16:44:58',NULL,NULL,NULL,63,'0'),(1572144774499807234,1572144771937087489,'10231111111111111111','双','38',NULL,NULL,NULL,NULL,NULL,'2022-09-20 16:44:58',NULL,NULL,NULL,63,'0'),(1572144774600470529,1572144773447036929,'10231111111111111111','双','35',NULL,NULL,NULL,NULL,NULL,'2022-09-20 16:44:58',NULL,NULL,NULL,63,'0'),(1572144774755659777,1572144771937087489,'10231111111111111111','双','37',NULL,NULL,NULL,NULL,NULL,'2022-09-20 16:44:58',NULL,NULL,NULL,63,'0'),(1572144774868905986,1572144774822768641,'10231111111111111111','双','40',NULL,NULL,NULL,NULL,NULL,'2022-09-20 16:44:58',NULL,NULL,NULL,63,'0'),(1572144774965374978,1572144774919237634,'10231111111111111111','双','39',NULL,NULL,NULL,NULL,NULL,'2022-09-20 16:44:58',NULL,NULL,NULL,63,'0'),(1572144775070232577,1572144774919237634,'10231111111111111111','双','38',NULL,NULL,NULL,NULL,NULL,'2022-09-20 16:44:58',NULL,NULL,NULL,63,'0'),(1572144775204450305,1572144774919237634,'10231111111111111111','双','37',NULL,NULL,NULL,NULL,NULL,'2022-09-20 16:44:58',NULL,NULL,NULL,63,'0'),(1572144775317696513,1572144775258976258,'10231111111111111111','双','37',NULL,NULL,NULL,NULL,NULL,'2022-09-20 16:44:58',NULL,NULL,NULL,63,'0'),(1572144775422554113,1572144775372222465,'10231111111111111111','双','35',NULL,NULL,NULL,NULL,NULL,'2022-09-20 16:44:58',NULL,NULL,NULL,63,'0'),(1572144775577743361,1572144775258976258,'10231111111111111111','双','36',NULL,NULL,NULL,NULL,NULL,'2022-09-20 16:44:58',NULL,NULL,NULL,63,'0'),(1572144775678406657,1572144775258976258,'10231111111111111111','双','35',NULL,NULL,NULL,NULL,NULL,'2022-09-20 16:44:58',NULL,NULL,NULL,63,'0'),(1572144775774875650,1572144775728738306,'10231111111111111111','双','35',NULL,NULL,NULL,NULL,NULL,'2022-09-20 16:44:58',NULL,NULL,NULL,63,'0'),(1572144775871344641,1572144775728738306,'10231111111111111111','双','36',NULL,NULL,NULL,NULL,NULL,'2022-09-20 16:44:58',NULL,NULL,NULL,63,'0'),(1572144776026533890,1572144775728738306,'10231111111111111111','双','37',NULL,NULL,NULL,NULL,NULL,'2022-09-20 16:44:58',NULL,NULL,NULL,63,'0'),(1572144776131391490,1572144774822768641,'10231111111111111111','双','35',NULL,NULL,NULL,NULL,NULL,'2022-09-20 16:44:58',NULL,NULL,NULL,63,'0'),(1572144776240443394,1572144775728738306,'10231111111111111111','双','38',NULL,NULL,NULL,NULL,NULL,'2022-09-20 16:44:58',NULL,NULL,NULL,63,'0'),(1572144776391438337,1572144775372222465,'10231111111111111111','双','37',NULL,NULL,NULL,NULL,NULL,'2022-09-20 16:44:58',NULL,NULL,NULL,63,'0'),(1572144776471130113,1572144776433381378,'10231111111111111111','双','38',NULL,NULL,NULL,NULL,NULL,'2022-09-20 16:44:58',NULL,NULL,NULL,63,'0'),(1572144776559210498,1572144775728738306,'10231111111111111111','双','39',NULL,NULL,NULL,NULL,NULL,'2022-09-20 16:44:58',NULL,NULL,NULL,63,'0'),(1572144776643096578,1572144775372222465,'10231111111111111111','双','36',NULL,NULL,NULL,NULL,NULL,'2022-09-20 16:44:58',NULL,NULL,NULL,63,'0'),(1572144776731176961,1572144776433381378,'10231111111111111111','双','39',NULL,NULL,NULL,NULL,NULL,'2022-09-20 16:44:58',NULL,NULL,NULL,63,'0'),(1572144776873783298,1572144775372222465,'10231111111111111111','双','39',NULL,NULL,NULL,NULL,NULL,'2022-09-20 16:44:59',NULL,NULL,NULL,63,'0'),(1572144776982835202,1572144775372222465,'10231111111111111111','双','38',NULL,NULL,NULL,NULL,NULL,'2022-09-20 16:44:59',NULL,NULL,NULL,63,'0'),(1572144777096081409,1572144774822768641,'10231111111111111111','双','36',NULL,NULL,NULL,NULL,NULL,'2022-09-20 16:44:59',NULL,NULL,NULL,63,'0'),(1572144777263853569,1572144774822768641,'10231111111111111111','双','37',NULL,NULL,NULL,NULL,NULL,'2022-09-20 16:44:59',NULL,NULL,NULL,63,'0'),(1572144777368711170,1572144774822768641,'10231111111111111111','双','38',NULL,NULL,NULL,NULL,NULL,'2022-09-20 16:44:59',NULL,NULL,NULL,63,'0'),(1572144777477763073,1572144774822768641,'10231111111111111111','双','39',NULL,NULL,NULL,NULL,NULL,'2022-09-20 16:44:59',NULL,NULL,NULL,63,'0'),(1572144777653923842,1572144774919237634,'10231111111111111111','双','36',NULL,NULL,NULL,NULL,NULL,'2022-09-20 16:44:59',NULL,NULL,NULL,63,'0'),(1572144777762975745,1572144774919237634,'10231111111111111111','双','35',NULL,NULL,NULL,NULL,NULL,'2022-09-20 16:44:59',NULL,NULL,NULL,63,'0'),(1572144777867833345,1572144774919237634,'10231111111111111111','双','34',NULL,NULL,NULL,NULL,NULL,'2022-09-20 16:44:59',NULL,NULL,NULL,63,'0'),(1572144777985273857,1572144776433381378,'10231111111111111111','双','35',NULL,NULL,NULL,NULL,NULL,'2022-09-20 16:44:59',NULL,NULL,NULL,63,'0'),(1572144778136268802,1572144776433381378,'10231111111111111111','双','36',NULL,NULL,NULL,NULL,NULL,'2022-09-20 16:44:59',NULL,NULL,NULL,63,'0'),(1572144778232737794,1572144776433381378,'10231111111111111111','双','37',NULL,NULL,NULL,NULL,NULL,'2022-09-20 16:44:59',NULL,NULL,NULL,63,'0'),(1572144778354372610,1572144778304040962,'10231111111111111111','双','35',NULL,NULL,NULL,NULL,NULL,'2022-09-20 16:44:59',NULL,NULL,NULL,63,'0'),(1572144778513756162,1572144778304040962,'10231111111111111111','双','36',NULL,NULL,NULL,NULL,NULL,'2022-09-20 16:44:59',NULL,NULL,NULL,63,'0'),(1572144778618613762,1572144778572476417,'10231111111111111111','双','36',NULL,NULL,NULL,NULL,NULL,'2022-09-20 16:44:59',NULL,NULL,NULL,63,'0'),(1572144778723471361,1572144778572476417,'10231111111111111111','双','35',NULL,NULL,NULL,NULL,NULL,'2022-09-20 16:44:59',NULL,NULL,NULL,63,'0'),(1572144778811551746,1572144778572476417,'10231111111111111111','双','38',NULL,NULL,NULL,NULL,NULL,'2022-09-20 16:44:59',NULL,NULL,NULL,63,'0'),(1572144778920603650,1572144778572476417,'10231111111111111111','双','37',NULL,NULL,NULL,NULL,NULL,'2022-09-20 16:44:59',NULL,NULL,NULL,63,'0'),(1572144779008684034,1572144778304040962,'10231111111111111111','双','39',NULL,NULL,NULL,NULL,NULL,'2022-09-20 16:44:59',NULL,NULL,NULL,63,'0'),(1572144779079987201,1572144778304040962,'10231111111111111111','双','37',NULL,NULL,NULL,NULL,NULL,'2022-09-20 16:44:59',NULL,NULL,NULL,63,'0'),(1572144779205816322,1572144778304040962,'10231111111111111111','双','38',NULL,NULL,NULL,NULL,NULL,'2022-09-20 16:44:59',NULL,NULL,NULL,63,'0');
/*!40000 ALTER TABLE `jsh_material_extend` ENABLE KEYS */;
UNLOCK TABLES;

--
-- Table structure for table `jsh_material_initial_stock`
--

DROP TABLE IF EXISTS `jsh_material_initial_stock`;
/*!40101 SET @saved_cs_client     = @@character_set_client */;
/*!40101 SET character_set_client = utf8 */;
CREATE TABLE `jsh_material_initial_stock` (
  `id` bigint(20) NOT NULL AUTO_INCREMENT COMMENT '主键',
  `material_id` bigint(20) DEFAULT NULL COMMENT '产品id',
  `depot_id` bigint(20) DEFAULT NULL COMMENT '仓库id',
  `number` decimal(24,6) DEFAULT NULL COMMENT '初始库存数量',
  `low_safe_stock` decimal(24,6) DEFAULT NULL COMMENT '最低库存数量',
  `high_safe_stock` decimal(24,6) DEFAULT NULL COMMENT '最高库存数量',
  `tenant_id` bigint(20) DEFAULT NULL COMMENT '租户id',
  `delete_flag` varchar(1) DEFAULT '0' COMMENT '删除标记，0未删除，1删除',
  PRIMARY KEY (`id`)
) ENGINE=InnoDB AUTO_INCREMENT=208 DEFAULT CHARSET=utf8 ROW_FORMAT=COMPACT COMMENT='产品初始库存';
/*!40101 SET character_set_client = @saved_cs_client */;

--
-- Dumping data for table `jsh_material_initial_stock`
--

LOCK TABLES `jsh_material_initial_stock` WRITE;
/*!40000 ALTER TABLE `jsh_material_initial_stock` DISABLE KEYS */;
INSERT INTO `jsh_material_initial_stock` VALUES (205,620,14,0.000000,NULL,NULL,63,'0'),(206,620,15,0.000000,NULL,NULL,63,'0'),(207,620,17,0.000000,NULL,NULL,63,'0');
/*!40000 ALTER TABLE `jsh_material_initial_stock` ENABLE KEYS */;
UNLOCK TABLES;

--
-- Table structure for table `jsh_material_property`
--

DROP TABLE IF EXISTS `jsh_material_property`;
/*!40101 SET @saved_cs_client     = @@character_set_client */;
/*!40101 SET character_set_client = utf8 */;
CREATE TABLE `jsh_material_property` (
  `id` bigint(20) NOT NULL AUTO_INCREMENT COMMENT '主键',
  `native_name` varchar(50) DEFAULT NULL COMMENT '原始名称',
  `enabled` bit(1) DEFAULT NULL COMMENT '是否启用',
  `sort` varchar(10) DEFAULT NULL COMMENT '排序',
  `another_name` varchar(50) DEFAULT NULL COMMENT '别名',
  `delete_flag` varchar(1) DEFAULT '0' COMMENT '删除标记，0未删除，1删除',
  PRIMARY KEY (`id`)
) ENGINE=InnoDB AUTO_INCREMENT=5 DEFAULT CHARSET=utf8 COMMENT='产品扩展字段表';
/*!40101 SET character_set_client = @saved_cs_client */;

--
-- Dumping data for table `jsh_material_property`
--

LOCK TABLES `jsh_material_property` WRITE;
/*!40000 ALTER TABLE `jsh_material_property` DISABLE KEYS */;
INSERT INTO `jsh_material_property` VALUES (1,'制造商',_binary '','01','制造商','0'),(2,'自定义1',_binary '','02','自定义1','0'),(3,'自定义2',_binary '','03','自定义2','0'),(4,'自定义3',_binary '','04','自定义3','0');
/*!40000 ALTER TABLE `jsh_material_property` ENABLE KEYS */;
UNLOCK TABLES;

--
-- Table structure for table `jsh_msg`
--

DROP TABLE IF EXISTS `jsh_msg`;
/*!40101 SET @saved_cs_client     = @@character_set_client */;
/*!40101 SET character_set_client = utf8 */;
CREATE TABLE `jsh_msg` (
  `id` bigint(20) NOT NULL AUTO_INCREMENT COMMENT '主键',
  `msg_title` varchar(100) DEFAULT NULL COMMENT '消息标题',
  `msg_content` varchar(500) DEFAULT NULL COMMENT '消息内容',
  `create_time` datetime DEFAULT NULL COMMENT '创建时间',
  `type` varchar(20) DEFAULT NULL COMMENT '消息类型',
  `status` varchar(1) DEFAULT NULL COMMENT '状态，1未读 2已读',
  `tenant_id` bigint(20) DEFAULT NULL COMMENT '租户id',
  `delete_Flag` varchar(1) DEFAULT '0' COMMENT '删除标记，0未删除，1删除',
  PRIMARY KEY (`id`)
) ENGINE=InnoDB AUTO_INCREMENT=3 DEFAULT CHARSET=utf8 ROW_FORMAT=COMPACT COMMENT='消息表';
/*!40101 SET character_set_client = @saved_cs_client */;

--
-- Dumping data for table `jsh_msg`
--

LOCK TABLES `jsh_msg` WRITE;
/*!40000 ALTER TABLE `jsh_msg` DISABLE KEYS */;
INSERT INTO `jsh_msg` VALUES (2,'标题1','内容1','2019-09-10 00:11:39','类型1','2',63,'0');
/*!40000 ALTER TABLE `jsh_msg` ENABLE KEYS */;
UNLOCK TABLES;

--
-- Table structure for table `jsh_orga_user_rel`
--

DROP TABLE IF EXISTS `jsh_orga_user_rel`;
/*!40101 SET @saved_cs_client     = @@character_set_client */;
/*!40101 SET character_set_client = utf8 */;
CREATE TABLE `jsh_orga_user_rel` (
  `id` bigint(20) NOT NULL AUTO_INCREMENT COMMENT '主键',
  `orga_id` bigint(20) NOT NULL COMMENT '机构id',
  `user_id` bigint(20) NOT NULL COMMENT '用户id',
  `user_blng_orga_dspl_seq` varchar(20) DEFAULT NULL COMMENT '用户在所属机构中显示顺序',
  `delete_flag` char(1) DEFAULT '0' COMMENT '删除标记，0未删除，1删除',
  `create_time` datetime DEFAULT NULL COMMENT '创建时间',
  `creator` bigint(20) DEFAULT NULL COMMENT '创建人',
  `update_time` datetime DEFAULT NULL COMMENT '更新时间',
  `updater` bigint(20) DEFAULT NULL COMMENT '更新人',
  `tenant_id` bigint(20) DEFAULT NULL COMMENT '租户id',
  PRIMARY KEY (`id`)
) ENGINE=InnoDB AUTO_INCREMENT=17 DEFAULT CHARSET=utf8 COMMENT='机构用户关系表';
/*!40101 SET character_set_client = @saved_cs_client */;

--
-- Dumping data for table `jsh_orga_user_rel`
--

LOCK TABLES `jsh_orga_user_rel` WRITE;
/*!40000 ALTER TABLE `jsh_orga_user_rel` DISABLE KEYS */;
INSERT INTO `jsh_orga_user_rel` VALUES (10,13,131,'2','0','2019-12-28 12:13:15',63,'2021-03-18 22:33:19',63,63),(11,12,63,'15','0','2020-09-13 18:42:45',63,'2021-03-19 00:11:40',63,63),(12,13,135,'9','0','2021-03-18 22:24:25',63,'2021-03-19 00:09:23',63,63),(13,13,134,'1','0','2021-03-18 22:31:39',63,'2021-03-18 23:59:55',63,63),(14,22,133,'22','0','2021-03-18 22:31:44',63,'2021-03-18 22:32:04',63,63),(15,12,144,NULL,'0','2021-03-19 00:00:40',63,'2021-03-19 00:08:07',63,63),(16,12,145,NULL,'0','2021-03-19 00:03:44',63,'2021-03-19 00:03:44',63,63);
/*!40000 ALTER TABLE `jsh_orga_user_rel` ENABLE KEYS */;
UNLOCK TABLES;

--
-- Table structure for table `jsh_organization`
--

DROP TABLE IF EXISTS `jsh_organization`;
/*!40101 SET @saved_cs_client     = @@character_set_client */;
/*!40101 SET character_set_client = utf8 */;
CREATE TABLE `jsh_organization` (
  `id` bigint(20) NOT NULL AUTO_INCREMENT COMMENT '主键',
  `org_no` varchar(20) DEFAULT NULL COMMENT '机构编号',
  `org_abr` varchar(20) DEFAULT NULL COMMENT '机构简称',
  `parent_id` bigint(20) DEFAULT NULL COMMENT '父机构id',
  `sort` varchar(20) DEFAULT NULL COMMENT '机构显示顺序',
  `remark` varchar(500) DEFAULT NULL COMMENT '备注',
  `create_time` datetime DEFAULT NULL COMMENT '创建时间',
  `update_time` datetime DEFAULT NULL COMMENT '更新时间',
  `tenant_id` bigint(20) DEFAULT NULL COMMENT '租户id',
  `delete_flag` varchar(1) DEFAULT '0' COMMENT '删除标记，0未删除，1删除',
  PRIMARY KEY (`id`)
) ENGINE=InnoDB AUTO_INCREMENT=15 DEFAULT CHARSET=utf8 COMMENT='机构表';
/*!40101 SET character_set_client = @saved_cs_client */;

--
-- Dumping data for table `jsh_organization`
--

LOCK TABLES `jsh_organization` WRITE;
/*!40000 ALTER TABLE `jsh_organization` DISABLE KEYS */;
INSERT INTO `jsh_organization` VALUES (12,'001','测试机构',NULL,'2','aaaa2','2019-12-28 12:13:01','2019-12-28 12:13:01',63,'0'),(13,'jg1','机构1',12,'3','','2020-07-21 00:09:57','2020-07-21 00:10:22',63,'0'),(14,'12','机构2',13,'4','','2020-07-21 22:45:42','2021-02-15 22:18:30',63,'0');
/*!40000 ALTER TABLE `jsh_organization` ENABLE KEYS */;
UNLOCK TABLES;

--
-- Table structure for table `jsh_person`
--

DROP TABLE IF EXISTS `jsh_person`;
/*!40101 SET @saved_cs_client     = @@character_set_client */;
/*!40101 SET character_set_client = utf8 */;
CREATE TABLE `jsh_person` (
  `id` bigint(20) NOT NULL AUTO_INCREMENT COMMENT '主键',
  `type` varchar(20) DEFAULT NULL COMMENT '类型',
  `name` varchar(50) DEFAULT NULL COMMENT '姓名',
  `enabled` bit(1) DEFAULT NULL COMMENT '启用',
  `sort` varchar(10) DEFAULT NULL COMMENT '排序',
  `tenant_id` bigint(20) DEFAULT NULL COMMENT '租户id',
  `delete_flag` varchar(1) DEFAULT '0' COMMENT '删除标记，0未删除，1删除',
  PRIMARY KEY (`id`)
) ENGINE=InnoDB AUTO_INCREMENT=18 DEFAULT CHARSET=utf8 COMMENT='经手人表';
/*!40101 SET character_set_client = @saved_cs_client */;

--
-- Dumping data for table `jsh_person`
--

LOCK TABLES `jsh_person` WRITE;
/*!40000 ALTER TABLE `jsh_person` DISABLE KEYS */;
INSERT INTO `jsh_person` VALUES (14,'业务员','小李',_binary '',NULL,63,'0'),(15,'仓管员','小军',_binary '',NULL,63,'0'),(16,'财务员','小夏',_binary '',NULL,63,'0'),(17,'财务员','小曹',_binary '',NULL,63,'0');
/*!40000 ALTER TABLE `jsh_person` ENABLE KEYS */;
UNLOCK TABLES;

--
-- Table structure for table `jsh_platform_config`
--

DROP TABLE IF EXISTS `jsh_platform_config`;
/*!40101 SET @saved_cs_client     = @@character_set_client */;
/*!40101 SET character_set_client = utf8 */;
CREATE TABLE `jsh_platform_config` (
  `id` bigint(20) NOT NULL AUTO_INCREMENT,
  `platform_key` varchar(100) DEFAULT NULL COMMENT '关键词',
  `platform_key_info` varchar(100) DEFAULT NULL COMMENT '关键词名称',
  `platform_value` varchar(200) DEFAULT NULL COMMENT '值',
  PRIMARY KEY (`id`)
) ENGINE=InnoDB AUTO_INCREMENT=9 DEFAULT CHARSET=utf8 COMMENT='平台参数';
/*!40101 SET character_set_client = @saved_cs_client */;

--
-- Dumping data for table `jsh_platform_config`
--

LOCK TABLES `jsh_platform_config` WRITE;
/*!40000 ALTER TABLE `jsh_platform_config` DISABLE KEYS */;
INSERT INTO `jsh_platform_config` VALUES (1,'platform_name','平台名称','华夏ERP'),(2,'activation_code','激活码',''),(3,'platform_url','官方网站','http://www.huaxiaerp.com/'),(4,'bill_print_flag','三联打印启用标记','0'),(5,'bill_print_url','三联打印地址',''),(6,'pay_fee_url','租户续费地址',''),(7,'register_flag','注册启用标记','1'),(8,'app_activation_code','手机端激活码','');
/*!40000 ALTER TABLE `jsh_platform_config` ENABLE KEYS */;
UNLOCK TABLES;

--
-- Table structure for table `jsh_role`
--

DROP TABLE IF EXISTS `jsh_role`;
/*!40101 SET @saved_cs_client     = @@character_set_client */;
/*!40101 SET character_set_client = utf8 */;
CREATE TABLE `jsh_role` (
  `id` bigint(20) NOT NULL AUTO_INCREMENT COMMENT '主键',
  `name` varchar(50) DEFAULT NULL COMMENT '名称',
  `type` varchar(50) DEFAULT NULL COMMENT '类型',
  `value` varchar(200) DEFAULT NULL COMMENT '值',
  `description` varchar(100) DEFAULT NULL COMMENT '描述',
  `enabled` bit(1) DEFAULT NULL COMMENT '启用',
  `sort` varchar(10) DEFAULT NULL COMMENT '排序',
  `tenant_id` bigint(20) DEFAULT NULL COMMENT '租户id',
  `delete_flag` varchar(1) DEFAULT '0' COMMENT '删除标记，0未删除，1删除',
  PRIMARY KEY (`id`)
) ENGINE=InnoDB AUTO_INCREMENT=18 DEFAULT CHARSET=utf8 COMMENT='角色表';
/*!40101 SET character_set_client = @saved_cs_client */;

--
-- Dumping data for table `jsh_role`
--

LOCK TABLES `jsh_role` WRITE;
/*!40000 ALTER TABLE `jsh_role` DISABLE KEYS */;
INSERT INTO `jsh_role` VALUES (4,'管理员','全部数据',NULL,NULL,_binary '',NULL,NULL,'0'),(10,'租户','全部数据',NULL,'',_binary '',NULL,NULL,'0'),(16,'销售经理','全部数据',NULL,'ddd',_binary '',NULL,63,'0'),(17,'销售代表','个人数据',NULL,'rrr',_binary '',NULL,63,'0');
/*!40000 ALTER TABLE `jsh_role` ENABLE KEYS */;
UNLOCK TABLES;

--
-- Table structure for table `jsh_sequence`
--

DROP TABLE IF EXISTS `jsh_sequence`;
/*!40101 SET @saved_cs_client     = @@character_set_client */;
/*!40101 SET character_set_client = utf8 */;
CREATE TABLE `jsh_sequence` (
  `seq_name` varchar(50) NOT NULL COMMENT '序列名称',
  `min_value` bigint(20) NOT NULL COMMENT '最小值',
  `max_value` bigint(20) NOT NULL COMMENT '最大值',
  `current_val` bigint(20) NOT NULL COMMENT '当前值',
  `increment_val` int(11) NOT NULL DEFAULT '1' COMMENT '增长步数',
  `remark` varchar(500) DEFAULT NULL COMMENT '备注',
  PRIMARY KEY (`seq_name`)
) ENGINE=InnoDB DEFAULT CHARSET=utf8 COMMENT='单据编号表';
/*!40101 SET character_set_client = @saved_cs_client */;

--
-- Dumping data for table `jsh_sequence`
--

LOCK TABLES `jsh_sequence` WRITE;
/*!40000 ALTER TABLE `jsh_sequence` DISABLE KEYS */;
INSERT INTO `jsh_sequence` VALUES ('depot_number_seq',1,999999999999999999,693,1,'单据编号sequence');
/*!40000 ALTER TABLE `jsh_sequence` ENABLE KEYS */;
UNLOCK TABLES;

--
-- Table structure for table `jsh_serial_number`
--

DROP TABLE IF EXISTS `jsh_serial_number`;
/*!40101 SET @saved_cs_client     = @@character_set_client */;
/*!40101 SET character_set_client = utf8 */;
CREATE TABLE `jsh_serial_number` (
  `id` bigint(20) NOT NULL AUTO_INCREMENT COMMENT '主键',
  `material_id` bigint(20) DEFAULT NULL COMMENT '产品表id',
  `depot_id` bigint(20) DEFAULT NULL COMMENT '仓库id',
  `serial_number` varchar(64) DEFAULT NULL COMMENT '序列号',
  `is_sell` varchar(1) DEFAULT '0' COMMENT '是否卖出，0未卖出，1卖出',
  `remark` varchar(1024) DEFAULT NULL COMMENT '备注',
  `delete_flag` varchar(1) DEFAULT '0' COMMENT '删除标记，0未删除，1删除',
  `create_time` datetime DEFAULT NULL COMMENT '创建时间',
  `creator` bigint(20) DEFAULT NULL COMMENT '创建人',
  `update_time` datetime DEFAULT NULL COMMENT '更新时间',
  `updater` bigint(20) DEFAULT NULL COMMENT '更新人',
  `in_bill_no` varchar(50) DEFAULT NULL COMMENT '入库单号',
  `out_bill_no` varchar(50) DEFAULT NULL COMMENT '出库单号',
  `tenant_id` bigint(20) DEFAULT NULL COMMENT '租户id',
  PRIMARY KEY (`id`)
) ENGINE=InnoDB AUTO_INCREMENT=110 DEFAULT CHARSET=utf8 COMMENT='序列号表';
/*!40101 SET character_set_client = @saved_cs_client */;

--
-- Dumping data for table `jsh_serial_number`
--

LOCK TABLES `jsh_serial_number` WRITE;
/*!40000 ALTER TABLE `jsh_serial_number` DISABLE KEYS */;
INSERT INTO `jsh_serial_number` VALUES (105,586,14,'12312323423223','0','abab','0','2019-12-28 12:14:39',63,'2020-07-21 00:30:32',63,NULL,NULL,63),(108,586,14,'3215952626621201','0','','0','2020-07-21 00:31:02',63,'2020-07-21 00:31:02',63,NULL,NULL,63),(109,586,14,'3215952626621202','0','','0','2020-07-21 00:31:02',63,'2020-07-21 00:31:02',63,NULL,NULL,63);
/*!40000 ALTER TABLE `jsh_serial_number` ENABLE KEYS */;
UNLOCK TABLES;

--
-- Table structure for table `jsh_supplier`
--

DROP TABLE IF EXISTS `jsh_supplier`;
/*!40101 SET @saved_cs_client     = @@character_set_client */;
/*!40101 SET character_set_client = utf8 */;
CREATE TABLE `jsh_supplier` (
  `id` bigint(20) NOT NULL AUTO_INCREMENT COMMENT '主键',
  `supplier` varchar(255) NOT NULL COMMENT '供应商名称',
  `contacts` varchar(100) DEFAULT NULL COMMENT '联系人',
  `phone_num` varchar(30) DEFAULT NULL COMMENT '联系电话',
  `email` varchar(50) DEFAULT NULL COMMENT '电子邮箱',
  `description` varchar(500) DEFAULT NULL COMMENT '备注',
  `isystem` tinyint(4) DEFAULT NULL COMMENT '是否系统自带 0==系统 1==非系统',
  `type` varchar(20) DEFAULT NULL COMMENT '类型',
  `enabled` bit(1) DEFAULT NULL COMMENT '启用',
  `advance_in` decimal(24,6) DEFAULT '0.000000' COMMENT '预收款',
  `begin_need_get` decimal(24,6) DEFAULT NULL COMMENT '期初应收',
  `begin_need_pay` decimal(24,6) DEFAULT NULL COMMENT '期初应付',
  `all_need_get` decimal(24,6) DEFAULT NULL COMMENT '累计应收',
  `all_need_pay` decimal(24,6) DEFAULT NULL COMMENT '累计应付',
  `fax` varchar(30) DEFAULT NULL COMMENT '传真',
  `telephone` varchar(30) DEFAULT NULL COMMENT '手机',
  `address` varchar(50) DEFAULT NULL COMMENT '地址',
  `tax_num` varchar(50) DEFAULT NULL COMMENT '纳税人识别号',
  `bank_name` varchar(50) DEFAULT NULL COMMENT '开户行',
  `account_number` varchar(50) DEFAULT NULL COMMENT '账号',
  `tax_rate` decimal(24,6) DEFAULT NULL COMMENT '税率',
  `sort` varchar(10) DEFAULT NULL COMMENT '排序',
  `tenant_id` bigint(20) DEFAULT NULL COMMENT '租户id',
  `delete_flag` varchar(1) DEFAULT '0' COMMENT '删除标记，0未删除，1删除',
  PRIMARY KEY (`id`)
) ENGINE=InnoDB AUTO_INCREMENT=1572855377744998402 DEFAULT CHARSET=utf8 COMMENT='供应商/客户信息表';
/*!40101 SET character_set_client = @saved_cs_client */;

--
-- Dumping data for table `jsh_supplier`
--

LOCK TABLES `jsh_supplier` WRITE;
/*!40000 ALTER TABLE `jsh_supplier` DISABLE KEYS */;
INSERT INTO `jsh_supplier` VALUES (1,'彩云铁钎厂','李彩云',NULL,NULL,NULL,NULL,'供应商',NULL,0.000000,NULL,NULL,NULL,NULL,NULL,NULL,NULL,NULL,NULL,NULL,NULL,NULL,63,'0'),(2,'正选钢芯厂','陈正选',NULL,NULL,NULL,NULL,'供应商',NULL,0.000000,NULL,NULL,NULL,NULL,NULL,NULL,NULL,NULL,NULL,NULL,NULL,NULL,63,'0'),(90,'原一',NULL,NULL,NULL,NULL,NULL,'客户',_binary '',0.000000,NULL,NULL,NULL,NULL,NULL,NULL,NULL,NULL,NULL,NULL,NULL,NULL,63,'1'),(91,'阿忠',NULL,NULL,NULL,NULL,NULL,'会员',_binary '',0.000000,NULL,NULL,NULL,NULL,NULL,NULL,NULL,NULL,NULL,NULL,NULL,NULL,63,'0'),(92,'海潮',NULL,NULL,NULL,NULL,NULL,'客户',_binary '',0.000000,NULL,NULL,NULL,NULL,NULL,NULL,NULL,NULL,NULL,NULL,NULL,NULL,63,'0'),(93,'瑞安市原一鞋材有限公司',NULL,NULL,NULL,NULL,NULL,'客户',_binary '',0.000000,NULL,NULL,NULL,NULL,NULL,NULL,NULL,NULL,NULL,NULL,NULL,NULL,63,'0'),(1572855377744998401,'温州凤一鞋材有限公司',NULL,NULL,NULL,NULL,NULL,'客户',_binary '',0.000000,NULL,NULL,NULL,NULL,NULL,NULL,NULL,NULL,NULL,NULL,NULL,NULL,63,'0');
/*!40000 ALTER TABLE `jsh_supplier` ENABLE KEYS */;
UNLOCK TABLES;

--
-- Table structure for table `jsh_system_config`
--

DROP TABLE IF EXISTS `jsh_system_config`;
/*!40101 SET @saved_cs_client     = @@character_set_client */;
/*!40101 SET character_set_client = utf8 */;
CREATE TABLE `jsh_system_config` (
  `id` bigint(20) NOT NULL AUTO_INCREMENT COMMENT '主键',
  `company_name` varchar(50) DEFAULT NULL COMMENT '公司名称',
  `company_contacts` varchar(20) DEFAULT NULL COMMENT '公司联系人',
  `company_address` varchar(50) DEFAULT NULL COMMENT '公司地址',
  `company_tel` varchar(20) DEFAULT NULL COMMENT '公司电话',
  `company_fax` varchar(20) DEFAULT NULL COMMENT '公司传真',
  `company_post_code` varchar(20) DEFAULT NULL COMMENT '公司邮编',
  `sale_agreement` varchar(500) DEFAULT NULL COMMENT '销售协议',
  `depot_flag` varchar(1) DEFAULT '0' COMMENT '仓库启用标记，0未启用，1启用',
  `customer_flag` varchar(1) DEFAULT '0' COMMENT '客户启用标记，0未启用，1启用',
  `minus_stock_flag` varchar(1) DEFAULT '0' COMMENT '负库存启用标记，0未启用，1启用',
  `purchase_by_sale_flag` varchar(1) DEFAULT '0' COMMENT '以销定购启用标记，0未启用，1启用',
  `tenant_id` bigint(20) DEFAULT NULL COMMENT '租户id',
  `delete_flag` varchar(1) DEFAULT '0' COMMENT '删除标记，0未删除，1删除',
  PRIMARY KEY (`id`)
) ENGINE=InnoDB AUTO_INCREMENT=12 DEFAULT CHARSET=utf8 ROW_FORMAT=COMPACT COMMENT='系统参数';
/*!40101 SET character_set_client = @saved_cs_client */;

--
-- Dumping data for table `jsh_system_config`
--

LOCK TABLES `jsh_system_config` WRITE;
/*!40000 ALTER TABLE `jsh_system_config` DISABLE KEYS */;
INSERT INTO `jsh_system_config` VALUES (11,'公司test','小李','地址1','12345678',NULL,NULL,'注：本单为我公司与客户约定账期内结款的依据，由客户或其单位员工签字生效，并承担法律责任。','0','0','1','0',63,'0');
/*!40000 ALTER TABLE `jsh_system_config` ENABLE KEYS */;
UNLOCK TABLES;

--
-- Table structure for table `jsh_tenant`
--

DROP TABLE IF EXISTS `jsh_tenant`;
/*!40101 SET @saved_cs_client     = @@character_set_client */;
/*!40101 SET character_set_client = utf8 */;
CREATE TABLE `jsh_tenant` (
  `id` bigint(20) NOT NULL AUTO_INCREMENT COMMENT '主键',
  `tenant_id` bigint(20) DEFAULT NULL COMMENT '用户id',
  `login_name` varchar(255) DEFAULT NULL COMMENT '登录名',
  `user_num_limit` int(11) DEFAULT NULL COMMENT '用户数量限制',
  `type` varchar(1) DEFAULT '0' COMMENT '租户类型，0免费租户，1付费租户',
  `enabled` bit(1) DEFAULT b'1' COMMENT '启用 0-禁用  1-启用',
  `create_time` datetime DEFAULT NULL COMMENT '创建时间',
  `expire_time` datetime DEFAULT NULL COMMENT '到期时间',
  `remark` varchar(500) DEFAULT NULL COMMENT '备注',
  PRIMARY KEY (`id`)
) ENGINE=InnoDB AUTO_INCREMENT=14 DEFAULT CHARSET=utf8 COMMENT='租户';
/*!40101 SET character_set_client = @saved_cs_client */;

--
-- Dumping data for table `jsh_tenant`
--

LOCK TABLES `jsh_tenant` WRITE;
/*!40000 ALTER TABLE `jsh_tenant` DISABLE KEYS */;
INSERT INTO `jsh_tenant` VALUES (13,63,'jsh',2000,'1',_binary '','2021-02-17 23:19:17','2099-02-17 23:19:17',NULL);
/*!40000 ALTER TABLE `jsh_tenant` ENABLE KEYS */;
UNLOCK TABLES;

--
-- Table structure for table `jsh_unit`
--

DROP TABLE IF EXISTS `jsh_unit`;
/*!40101 SET @saved_cs_client     = @@character_set_client */;
/*!40101 SET character_set_client = utf8 */;
CREATE TABLE `jsh_unit` (
  `id` bigint(20) NOT NULL AUTO_INCREMENT COMMENT '主键',
  `name` varchar(50) DEFAULT NULL COMMENT '名称，支持多单位',
  `basic_unit` varchar(50) DEFAULT NULL COMMENT '基础单位',
  `other_unit` varchar(50) DEFAULT NULL COMMENT '副单位',
  `other_unit_two` varchar(50) DEFAULT NULL COMMENT '副单位2',
  `other_unit_three` varchar(50) DEFAULT NULL COMMENT '副单位3',
  `ratio` int(11) DEFAULT NULL COMMENT '比例',
  `ratio_two` int(11) DEFAULT NULL COMMENT '比例2',
  `ratio_three` int(11) DEFAULT NULL COMMENT '比例3',
  `enabled` bit(1) DEFAULT NULL COMMENT '启用',
  `tenant_id` bigint(20) DEFAULT NULL COMMENT '租户id',
  `delete_flag` varchar(1) DEFAULT '0' COMMENT '删除标记，0未删除，1删除',
  PRIMARY KEY (`id`)
) ENGINE=InnoDB AUTO_INCREMENT=22 DEFAULT CHARSET=utf8 COMMENT='多单位表';
/*!40101 SET character_set_client = @saved_cs_client */;

--
-- Dumping data for table `jsh_unit`
--

LOCK TABLES `jsh_unit` WRITE;
/*!40000 ALTER TABLE `jsh_unit` DISABLE KEYS */;
INSERT INTO `jsh_unit` VALUES (15,'个/(箱=12个)','个','箱',NULL,NULL,12,NULL,NULL,_binary '',63,'0'),(19,'个/(盒=15个)','个','盒',NULL,NULL,15,NULL,NULL,_binary '',63,'0'),(20,'盒/(箱=8盒)','盒','箱',NULL,NULL,8,NULL,NULL,_binary '',63,'0'),(21,'瓶/(箱=12瓶)','瓶','箱',NULL,NULL,12,NULL,NULL,_binary '',63,'0');
/*!40000 ALTER TABLE `jsh_unit` ENABLE KEYS */;
UNLOCK TABLES;

--
-- Table structure for table `jsh_user`
--

DROP TABLE IF EXISTS `jsh_user`;
/*!40101 SET @saved_cs_client     = @@character_set_client */;
/*!40101 SET character_set_client = utf8 */;
CREATE TABLE `jsh_user` (
  `id` bigint(20) NOT NULL AUTO_INCREMENT COMMENT '主键',
  `username` varchar(255) NOT NULL COMMENT '用户姓名--例如张三',
  `login_name` varchar(255) NOT NULL COMMENT '登录用户名',
  `password` varchar(50) DEFAULT NULL COMMENT '登陆密码',
  `position` varchar(200) DEFAULT NULL COMMENT '职位',
  `department` varchar(255) DEFAULT NULL COMMENT '所属部门',
  `email` varchar(100) DEFAULT NULL COMMENT '电子邮箱',
  `phonenum` varchar(100) DEFAULT NULL COMMENT '手机号码',
  `ismanager` tinyint(4) NOT NULL DEFAULT '1' COMMENT '是否为管理者 0==管理者 1==员工',
  `isystem` tinyint(4) NOT NULL DEFAULT '0' COMMENT '是否系统自带数据 ',
  `Status` tinyint(4) DEFAULT '0' COMMENT '状态，0：正常，1：删除，2封禁',
  `description` varchar(500) DEFAULT NULL COMMENT '用户描述信息',
  `remark` varchar(500) DEFAULT NULL COMMENT '备注',
  `tenant_id` bigint(20) DEFAULT NULL COMMENT '租户id',
  PRIMARY KEY (`id`)
) ENGINE=InnoDB AUTO_INCREMENT=132 DEFAULT CHARSET=utf8 COMMENT='用户表';
/*!40101 SET character_set_client = @saved_cs_client */;

--
-- Dumping data for table `jsh_user`
--

LOCK TABLES `jsh_user` WRITE;
/*!40000 ALTER TABLE `jsh_user` DISABLE KEYS */;
INSERT INTO `jsh_user` VALUES (63,'测试用户','jsh','e10adc3949ba59abbe56e057f20f883e','主管',NULL,'666666@qq.com','1123123123132',1,1,0,'',NULL,63),(120,'管理员','admin','e10adc3949ba59abbe56e057f20f883e',NULL,NULL,NULL,NULL,1,0,0,NULL,NULL,0),(131,'test123','test123','e10adc3949ba59abbe56e057f20f883e','总监',NULL,'7777777@qq.com','',1,0,0,'',NULL,63);
/*!40000 ALTER TABLE `jsh_user` ENABLE KEYS */;
UNLOCK TABLES;

--
-- Table structure for table `jsh_user_business`
--

DROP TABLE IF EXISTS `jsh_user_business`;
/*!40101 SET @saved_cs_client     = @@character_set_client */;
/*!40101 SET character_set_client = utf8 */;
CREATE TABLE `jsh_user_business` (
  `id` bigint(20) NOT NULL AUTO_INCREMENT COMMENT '主键',
  `type` varchar(50) DEFAULT NULL COMMENT '类别',
  `key_id` varchar(50) DEFAULT NULL COMMENT '主id',
  `value` varchar(10000) DEFAULT NULL COMMENT '值',
  `btn_str` varchar(2000) DEFAULT NULL COMMENT '按钮权限',
  `tenant_id` bigint(20) DEFAULT NULL COMMENT '租户id',
  `delete_flag` varchar(1) DEFAULT '0' COMMENT '删除标记，0未删除，1删除',
  PRIMARY KEY (`id`)
) ENGINE=InnoDB AUTO_INCREMENT=70 DEFAULT CHARSET=utf8 COMMENT='用户/角色/模块关系表';
/*!40101 SET character_set_client = @saved_cs_client */;

--
-- Dumping data for table `jsh_user_business`
--

LOCK TABLES `jsh_user_business` WRITE;
/*!40000 ALTER TABLE `jsh_user_business` DISABLE KEYS */;
INSERT INTO `jsh_user_business` VALUES (5,'RoleFunctions','4','[210][225][211][241][32][33][199][242][38][41][200][201][239][202][40][232][233][197][44][203][204][205][206][212][246][207][208][209][226][227][228][229][59][235][237][244][22][21][23][220][240][247][25][24][217][218][26][194][195][31][13][1][14][243][15][234][16][18][236][245][248][198][258]','[{\"funId\":13,\"btnStr\":\"1\"},{\"funId\":14,\"btnStr\":\"1\"},{\"funId\":243,\"btnStr\":\"1\"},{\"funId\":234,\"btnStr\":\"1\"},{\"funId\":16,\"btnStr\":\"1\"},{\"funId\":18,\"btnStr\":\"1\"},{\"funId\":236,\"btnStr\":\"1\"},{\"funId\":245,\"btnStr\":\"1\"},{\"funId\":22,\"btnStr\":\"1\"},{\"funId\":23,\"btnStr\":\"1\"},{\"funId\":220,\"btnStr\":\"1\"},{\"funId\":240,\"btnStr\":\"1\"},{\"funId\":247,\"btnStr\":\"1\"},{\"funId\":25,\"btnStr\":\"1\"},{\"funId\":217,\"btnStr\":\"1\"},{\"funId\":218,\"btnStr\":\"1\"},{\"funId\":26,\"btnStr\":\"1\"},{\"funId\":194,\"btnStr\":\"1\"},{\"funId\":195,\"btnStr\":\"1\"},{\"funId\":31,\"btnStr\":\"1\"},{\"funId\":241,\"btnStr\":\"1,2,7\"},{\"funId\":33,\"btnStr\":\"1,2,7\"},{\"funId\":199,\"btnStr\":\"1,2,7\"},{\"funId\":242,\"btnStr\":\"1,2,7\"},{\"funId\":41,\"btnStr\":\"1,2,7\"},{\"funId\":200,\"btnStr\":\"1,2,7\"},{\"funId\":210,\"btnStr\":\"1,2,7\"},{\"funId\":211,\"btnStr\":\"1,2,7\"},{\"funId\":197,\"btnStr\":\"1,7,2\"},{\"funId\":203,\"btnStr\":\"1,7,2\"},{\"funId\":204,\"btnStr\":\"1,7,2\"},{\"funId\":205,\"btnStr\":\"1,7,2\"},{\"funId\":206,\"btnStr\":\"1,2,7\"},{\"funId\":212,\"btnStr\":\"1,7,2\"},{\"funId\":201,\"btnStr\":\"1,2,7\"},{\"funId\":202,\"btnStr\":\"1,2,7\"},{\"funId\":40,\"btnStr\":\"1,2,7\"},{\"funId\":232,\"btnStr\":\"1,2,7\"},{\"funId\":233,\"btnStr\":\"1,2,7\"}]',NULL,'0'),(6,'RoleFunctions','5','[22][23][25][26][194][195][31][33][200][201][41][199][202]',NULL,NULL,'0'),(7,'RoleFunctions','6','[22][23][220][240][25][217][218][26][194][195][31][59][207][208][209][226][227][228][229][235][237][210][211][241][33][199][242][41][200][201][202][40][232][233][197][203][204][205][206][212]','[{\"funId\":\"33\",\"btnStr\":\"4\"}]',NULL,'0'),(9,'RoleFunctions','7','[168][13][12][16][14][15][189][18][19][132]',NULL,NULL,'0'),(10,'RoleFunctions','8','[168][13][12][16][14][15][189][18][19][132][22][23][25][26][27][157][158][155][156][125][31][127][126][128][33][34][35][36][37][39][40][41][42][43][46][47][48][49][50][51][52][53][54][55][56][57][192][59][60][61][62][63][65][66][68][69][70][71][73][74][76][77][79][191][81][82][83][85][89][161][86][176][165][160][28][134][91][92][29][94][95][97][104][99][100][101][102][105][107][108][110][111][113][114][116][117][118][120][121][131][135][123][122][20][130][146][147][138][148][149][153][140][145][184][152][143][170][171][169][166][167][163][164][172][173][179][178][181][182][183][186][187][247]',NULL,NULL,'0'),(11,'RoleFunctions','9','[168][13][12][16][14][15][189][18][19][132][22][23][25][26][27][157][158][155][156][125][31][127][126][128][33][34][35][36][37][39][40][41][42][43][46][47][48][49][50][51][52][53][54][55][56][57][192][59][60][61][62][63][65][66][68][69][70][71][73][74][76][77][79][191][81][82][83][85][89][161][86][176][165][160][28][134][91][92][29][94][95][97][104][99][100][101][102][105][107][108][110][111][113][114][116][117][118][120][121][131][135][123][122][20][130][146][147][138][148][149][153][140][145][184][152][143][170][171][169][166][167][163][164][172][173][179][178][181][182][183][186][187][188]',NULL,NULL,'0'),(12,'UserRole','1','[5]',NULL,NULL,'0'),(13,'UserRole','2','[6][7]',NULL,NULL,'0'),(14,'UserDepot','2','[1][2][6][7]',NULL,NULL,'0'),(15,'UserDepot','1','[1][2][5][6][7][10][12][14][15][17]',NULL,NULL,'0'),(16,'UserRole','63','[10]',NULL,63,'0'),(18,'UserDepot','63','[14][15]',NULL,63,'0'),(19,'UserDepot','5','[6][45][46][50]',NULL,NULL,'0'),(20,'UserRole','5','[5]',NULL,NULL,'0'),(21,'UserRole','64','[13]',NULL,NULL,'0'),(22,'UserDepot','64','[1]',NULL,NULL,'0'),(23,'UserRole','65','[5]',NULL,NULL,'0'),(24,'UserDepot','65','[1]',NULL,NULL,'0'),(25,'UserCustomer','64','[5][2]',NULL,NULL,'0'),(26,'UserCustomer','65','[6]',NULL,NULL,'0'),(27,'UserCustomer','63','[58][90][92][93]',NULL,63,'0'),(28,'UserDepot','96','[7]',NULL,NULL,'0'),(29,'UserRole','96','[6]',NULL,NULL,'0'),(30,'UserRole','113','[10]',NULL,NULL,'0'),(32,'RoleFunctions','10','[210][225][211][241][32][33][199][242][38][41][200][201][239][202][40][232][233][197][44][203][204][205][206][212][246][207][208][209][226][227][228][229][59][235][237][244][22][21][23][220][240][247][25][24][217][218][26][194][195][31][13][14][243][15][234][248][198]','[{\"funId\":13,\"btnStr\":\"1\"},{\"funId\":14,\"btnStr\":\"1\"},{\"funId\":243,\"btnStr\":\"1\"},{\"funId\":234,\"btnStr\":\"1\"},{\"funId\":22,\"btnStr\":\"1\"},{\"funId\":23,\"btnStr\":\"1\"},{\"funId\":220,\"btnStr\":\"1\"},{\"funId\":240,\"btnStr\":\"1\"},{\"funId\":247,\"btnStr\":\"1\"},{\"funId\":25,\"btnStr\":\"1\"},{\"funId\":217,\"btnStr\":\"1\"},{\"funId\":218,\"btnStr\":\"1\"},{\"funId\":26,\"btnStr\":\"1\"},{\"funId\":194,\"btnStr\":\"1\"},{\"funId\":195,\"btnStr\":\"1\"},{\"funId\":31,\"btnStr\":\"1\"},{\"funId\":241,\"btnStr\":\"1,2,7\"},{\"funId\":33,\"btnStr\":\"1,2,7\"},{\"funId\":199,\"btnStr\":\"1,7,2\"},{\"funId\":242,\"btnStr\":\"1,2,7\"},{\"funId\":41,\"btnStr\":\"1,2,7\"},{\"funId\":200,\"btnStr\":\"1,2,7\"},{\"funId\":210,\"btnStr\":\"1,2,7\"},{\"funId\":211,\"btnStr\":\"1,2,7\"},{\"funId\":197,\"btnStr\":\"1,2,7\"},{\"funId\":203,\"btnStr\":\"1,7,2\"},{\"funId\":204,\"btnStr\":\"1,7,2\"},{\"funId\":205,\"btnStr\":\"1,2,7\"},{\"funId\":206,\"btnStr\":\"1,7,2\"},{\"funId\":212,\"btnStr\":\"1,2,7\"},{\"funId\":201,\"btnStr\":\"1,2,7\"},{\"funId\":202,\"btnStr\":\"1,2,7\"},{\"funId\":40,\"btnStr\":\"1,2,7\"},{\"funId\":232,\"btnStr\":\"1,2,7\"},{\"funId\":233,\"btnStr\":\"1,2,7\"}]',NULL,'0'),(34,'UserRole','115','[10]',NULL,NULL,'0'),(35,'UserRole','117','[10]',NULL,NULL,'0'),(36,'UserDepot','117','[8][9]',NULL,NULL,'0'),(37,'UserCustomer','117','[52]',NULL,NULL,'0'),(38,'UserRole','120','[4]',NULL,NULL,'0'),(41,'RoleFunctions','12','',NULL,NULL,'0'),(48,'RoleFunctions','13','[59][207][208][209][226][227][228][229][235][237][210][211][241][33][199][242][41][200]',NULL,NULL,'0'),(51,'UserRole','74','[10]',NULL,NULL,'0'),(52,'UserDepot','121','[13]',NULL,NULL,'0'),(54,'UserDepot','115','[13]',NULL,NULL,'0'),(56,'UserCustomer','115','[56]',NULL,NULL,'0'),(57,'UserCustomer','121','[56]',NULL,NULL,'0'),(67,'UserRole','131','[17]',NULL,63,'0'),(68,'RoleFunctions','16','[210]',NULL,63,'0'),(69,'RoleFunctions','17','[210][211][241][33][199][242][41][200][201][202][40][232][233][197][203][204][205][206][212]','[{\"funId\":\"241\",\"btnStr\":\"1,2\"},{\"funId\":\"33\",\"btnStr\":\"1,2\"},{\"funId\":\"199\",\"btnStr\":\"1,2\"},{\"funId\":\"242\",\"btnStr\":\"1,2\"},{\"funId\":\"41\",\"btnStr\":\"1,2\"},{\"funId\":\"200\",\"btnStr\":\"1,2\"},{\"funId\":\"210\",\"btnStr\":\"1,2\"},{\"funId\":\"211\",\"btnStr\":\"1,2\"},{\"funId\":\"197\",\"btnStr\":\"1\"},{\"funId\":\"203\",\"btnStr\":\"1\"},{\"funId\":\"204\",\"btnStr\":\"1\"},{\"funId\":\"205\",\"btnStr\":\"1\"},{\"funId\":\"206\",\"btnStr\":\"1\"},{\"funId\":\"212\",\"btnStr\":\"1\"},{\"funId\":\"201\",\"btnStr\":\"1,2\"},{\"funId\":\"202\",\"btnStr\":\"1,2\"},{\"funId\":\"40\",\"btnStr\":\"1,2\"},{\"funId\":\"232\",\"btnStr\":\"1,2\"},{\"funId\":\"233\",\"btnStr\":\"1,2\"}]',63,'0');
/*!40000 ALTER TABLE `jsh_user_business` ENABLE KEYS */;
UNLOCK TABLES;
/*!40103 SET TIME_ZONE=@OLD_TIME_ZONE */;

/*!40101 SET SQL_MODE=@OLD_SQL_MODE */;
/*!40014 SET FOREIGN_KEY_CHECKS=@OLD_FOREIGN_KEY_CHECKS */;
/*!40014 SET UNIQUE_CHECKS=@OLD_UNIQUE_CHECKS */;
/*!40101 SET CHARACTER_SET_CLIENT=@OLD_CHARACTER_SET_CLIENT */;
/*!40101 SET CHARACTER_SET_RESULTS=@OLD_CHARACTER_SET_RESULTS */;
/*!40101 SET COLLATION_CONNECTION=@OLD_COLLATION_CONNECTION */;
/*!40111 SET SQL_NOTES=@OLD_SQL_NOTES */;

-- Dump completed on 2022-10-20  8:14:09
